school, sex, age, Medu, Fedu, Mjob, Fjob, reason, traveltime, studytime, failures, schoolsup, famsup, paid, activities, higher, internet, freetime, health, absences, G1, G2, G3, GC1, GC2, GC3, GG1, GG2, GG3
GP, F, 18, 4, 4, at_home, teacher, course, 2, 2, 0, yes, no, no, no, yes, no, 3, 3, 4, 0, 11, 11, fail, pass, pass, 7, 3,7, 3,7
GP, F, 17, 1, 1, at_home, other, course, 1, 2, 0, no, yes, no, no, yes, yes, 3, 3, 2, 9, 11, 11, fail, pass, pass, 4,3, 3,7, 3,7
GP, F, 15, 1, 1, at_home, other, other, 1, 2, 0, yes, no, no, no, yes, yes, 3, 3, 6, 12, 13, 12, pass, pass, pass, 3,4, 3,1, 3,4
GP, F, 15, 4, 2, health, services, home, 1, 3, 0, no, yes, no, yes, yes, yes, 2, 5, 0, 14, 14, 14, good, good, good, 2,8, 2,8, 2,8
GP, F, 16, 3, 3, other, other, home, 1, 2, 0, no, yes, no, no, yes, no, 3, 5, 0, 11, 13, 13, pass, pass, pass, 3,7, 3,1, 3,1
GP, M, 16, 4, 3, services, other, reputation, 1, 2, 0, no, yes, no, yes, yes, yes, 4, 5, 6, 12, 12, 13, pass, pass, pass, 3,4, 3,4, 3,1
GP, M, 16, 2, 2, other, other, home, 1, 2, 0, no, no, no, no, yes, yes, 4, 3, 0, 13, 12, 13, pass, pass, pass, 3,1, 3,4, 3,1
GP, F, 17, 4, 4, other, teacher, home, 2, 2, 0, yes, yes, no, no, yes, no, 1, 1, 2, 10, 13, 13, pass, pass, pass, 4, 3,1, 3,1
GP, M, 15, 3, 2, services, other, home, 1, 2, 0, no, yes, no, no, yes, yes, 2, 1, 0, 15, 16, 17, V.good, V.good, V.good, 2,5, 2,2, 1,9
GP, M, 15, 3, 4, other, other, home, 1, 2, 0, no, yes, no, yes, yes, yes, 5, 5, 0, 12, 12, 13, pass, pass, pass, 3,4, 3,4, 3,1
GP, F, 15, 4, 4, teacher, health, reputation, 1, 2, 0, no, yes, no, no, yes, yes, 3, 2, 2, 14, 14, 14, good, good, good, 2,8, 2,8, 2,8
GP, F, 15, 2, 1, services, other, reputation, 3, 3, 0, no, yes, no, yes, yes, yes, 2, 4, 0, 10, 12, 13, pass, pass, pass, 4, 3,4, 3,1
GP, M, 15, 4, 4, health, services, course, 1, 1, 0, no, yes, no, yes, yes, yes, 3, 5, 0, 12, 13, 12, pass, pass, pass, 3,4, 3,1, 3,4
GP, M, 15, 4, 3, teacher, other, course, 2, 2, 0, no, yes, no, no, yes, yes, 4, 3, 0, 12, 12, 13, pass, pass, pass, 3,4, 3,4, 3,1
GP, M, 15, 2, 2, other, other, home, 1, 3, 0, no, yes, no, no, yes, yes, 5, 3, 0, 14, 14, 15, good, good, V.good, 2,8, 2,8, 2,5
GP, F, 16, 4, 4, health, other, home, 1, 1, 0, no, yes, no, no, yes, yes, 4, 2, 6, 17, 17, 17, V.good, V.good, V.good, 1,9, 1,9, 1,9
GP, F, 16, 4, 4, services, services, reputation, 1, 3, 0, no, yes, no, yes, yes, yes, 2, 2, 10, 13, 13, 14, pass, pass, good, 3,1, 3,1, 2,8
GP, F, 16, 3, 3, other, other, reputation, 3, 2, 0, yes, yes, no, yes, yes, no, 3, 4, 2, 13, 14, 14, pass, good, good, 3,1, 2,8, 2,8
GP, M, 17, 3, 2, services, services, course, 1, 1, 3, no, yes, yes, yes, yes, yes, 5, 5, 2, 8, 8, 7, fail, fail, fail, 4,6, 4,6, 4,9
GP, M, 16, 4, 3, health, other, home, 1, 1, 0, no, no, no, yes, yes, yes, 1, 5, 6, 12, 12, 12, pass, pass, pass, 3,4, 3,4, 3,4
GP, M, 15, 4, 3, teacher, other, reputation, 1, 2, 0, no, no, no, no, yes, yes, 4, 1, 0, 12, 13, 14, pass, pass, good, 3,4, 3,1, 2,8
GP, M, 15, 4, 4, health, health, other, 1, 1, 0, no, yes, yes, no, yes, yes, 4, 5, 0, 11, 12, 12, pass, pass, pass, 3,7, 3,4, 3,4
GP, M, 16, 4, 2, teacher, other, course, 1, 2, 0, no, no, no, yes, yes, yes, 5, 5, 0, 12, 13, 14, pass, pass, good, 3,4, 3,1, 2,8
GP, M, 16, 2, 2, other, other, reputation, 2, 2, 0, no, yes, no, yes, yes, yes, 4, 5, 2, 10, 10, 10, pass, pass, pass, 4, 4, 4
GP, F, 15, 2, 4, services, health, course, 1, 3, 0, yes, yes, no, yes, yes, yes, 3, 5, 2, 10, 11, 10, pass, pass, pass, 4, 3,7, 4
GP, F, 16, 2, 2, services, services, home, 1, 1, 0, no, yes, no, no, yes, yes, 2, 5, 6, 10, 11, 12, pass, pass, pass, 4, 3,7, 3,4
GP, M, 15, 2, 2, other, other, home, 1, 1, 0, no, yes, no, no, yes, yes, 2, 5, 8, 11, 12, 12, pass, pass, pass, 3,7, 3,4, 3,4
GP, M, 15, 4, 2, health, services, other, 1, 1, 0, no, no, no, no, yes, yes, 2, 1, 0, 11, 11, 11, pass, pass, pass, 3,7, 3,7, 3,7
GP, M, 16, 3, 4, services, other, home, 1, 2, 0, yes, yes, yes, yes, yes, yes, 3, 5, 2, 12, 12, 13, pass, pass, pass, 3,4, 3,4, 3,1
GP, M, 16, 4, 4, teacher, teacher, home, 1, 2, 0, no, yes, yes, yes, yes, yes, 4, 5, 4, 12, 11, 12, pass, pass, pass, 3,4, 3,7, 3,4
GP, M, 15, 4, 4, health, services, home, 1, 2, 0, no, yes, yes, no, yes, yes, 4, 5, 0, 10, 11, 11, pass, pass, pass, 4, 3,7, 3,7
GP, M, 15, 4, 4, services, services, reputation, 2, 2, 0, no, yes, no, yes, yes, yes, 3, 5, 2, 15, 15, 15, V.good, V.good, V.good, 2,5, 2,5, 2,5
GP, M, 15, 4, 3, teacher, at_home, course, 1, 2, 0, no, yes, no, yes, yes, yes, 5, 5, 0, 13, 14, 15, pass, good, V.good, 3,1, 2,8, 2,5
GP, M, 15, 3, 3, other, other, course, 1, 2, 0, no, no, no, yes, yes, yes, 3, 2, 0, 13, 12, 12, pass, pass, pass, 3,1, 3,4, 3,4
GP, M, 16, 3, 2, other, other, home, 1, 1, 0, no, yes, no, no, yes, yes, 4, 5, 4, 12, 12, 12, pass, pass, pass, 3,4, 3,4, 3,4
GP, F, 15, 2, 3, other, other, other, 2, 1, 0, no, yes, no, yes, yes, no, 5, 5, 4, 11, 11, 11, pass, pass, pass, 3,7, 3,7, 3,7
GP, M, 15, 4, 3, teacher, services, home, 1, 3, 0, no, yes, no, yes, yes, yes, 4, 4, 0, 14, 14, 14, good, good, good, 2,8, 2,8, 2,8
GP, M, 16, 4, 4, other, teacher, reputation, 2, 3, 0, no, yes, no, yes, yes, yes, 4, 5, 4, 13, 13, 13, pass, pass, pass, 3,1, 3,1, 3,1
GP, F, 15, 3, 4, services, health, course, 1, 3, 0, yes, yes, no, yes, yes, yes, 3, 5, 2, 11, 12, 12, pass, pass, pass, 3,7, 3,4, 3,4
GP, F, 15, 2, 2, at_home, other, reputation, 1, 1, 0, yes, yes, no, yes, yes, no, 3, 2, 8, 14, 13, 12, good, pass, pass, 2,8, 3,1, 3,4
GP, F, 16, 2, 2, other, other, home, 2, 2, 0, no, yes, no, yes, yes, yes, 3, 3, 16, 11, 11, 10, pass, pass, pass, 3,7, 3,7, 4
GP, M, 15, 4, 4, teacher, other, home, 1, 1, 0, no, yes, no, no, yes, yes, 4, 5, 8, 10, 11, 11, pass, pass, pass, 4, 3,7, 3,7
GP, M, 15, 4, 4, services, teacher, course, 1, 2, 0, no, yes, no, yes, yes, yes, 3, 5, 0, 14, 15, 15, good, V.good, V.good, 2,8, 2,5, 2,5
GP, M, 15, 2, 2, services, services, course, 1, 1, 0, yes, yes, no, no, yes, yes, 4, 1, 0, 9, 10, 10, fail, pass, pass, 4,3, 4, 4
GP, F, 16, 2, 2, other, at_home, course, 2, 2, 1, yes, no, no, yes, yes, yes, 3, 5, 14, 10, 11, 11, pass, pass, pass, 4, 3,7, 3,7
GP, F, 15, 4, 3, other, other, course, 1, 2, 0, yes, yes, yes, yes, yes, yes, 2, 5, 4, 10, 11, 11, pass, pass, pass, 4, 3,7, 3,7
GP, F, 16, 3, 3, other, services, home, 1, 2, 0, no, yes, no, no, yes, yes, 3, 3, 6, 13, 12, 13, pass, pass, pass, 3,1, 3,4, 3,1
GP, M, 16, 4, 3, health, services, reputation, 1, 4, 0, no, no, no, yes, yes, yes, 2, 2, 2, 17, 17, 17, V.good, V.good, V.good, 1,9, 1,9, 1,9
GP, M, 15, 4, 2, teacher, other, home, 1, 2, 0, no, yes, no, no, yes, no, 3, 5, 4, 11, 12, 13, pass, pass, pass, 3,7, 3,4, 3,1
GP, F, 15, 4, 4, services, teacher, other, 1, 2, 0, yes, yes, no, yes, yes, yes, 4, 3, 2, 13, 12, 12, pass, pass, pass, 3,1, 3,4, 3,4
GP, F, 16, 2, 2, services, services, course, 3, 2, 0, no, yes, no, no, yes, yes, 3, 4, 0, 14, 13, 13, good, pass, pass, 2,8, 3,1, 3,1
GP, F, 15, 4, 2, health, other, other, 1, 2, 0, no, yes, no, no, yes, yes, 3, 5, 0, 16, 14, 16, V.good, good, V.good, 2,2, 2,8, 2,2
GP, M, 15, 4, 2, health, health, other, 2, 1, 0, no, no, no, no, yes, no, 5, 5, 4, 10, 9, 9, pass, fail, fail, 4, 4,3, 4,3
GP, F, 15, 4, 4, services, services, course, 1, 1, 0, yes, yes, no, no, yes, yes, 3, 5, 0, 13, 12, 12, pass, pass, pass, 3,1, 3,4, 3,4
GP, F, 15, 3, 3, other, other, other, 1, 1, 0, no, no, no, no, yes, yes, 3, 1, 0, 13, 12, 13, pass, pass, pass, 3,1, 3,4, 3,1
GP, F, 16, 2, 1, other, other, other, 1, 2, 0, no, no, no, yes, yes, yes, 3, 2, 2, 12, 13, 12, pass, pass, pass, 3,4, 3,1, 3,4
GP, F, 15, 4, 3, services, services, reputation, 1, 2, 0, no, yes, no, yes, yes, yes, 3, 1, 0, 15, 14, 15, V.good, good, V.good, 2,5, 2,8, 2,5
GP, M, 15, 4, 4, teacher, health, reputation, 1, 2, 0, no, yes, no, yes, yes, no, 2, 5, 8, 15, 15, 16, V.good, V.good, V.good, 2,5, 2,5, 2,2
GP, M, 15, 1, 2, other, at_home, home, 1, 2, 0, yes, yes, no, yes, yes, yes, 3, 5, 0, 14, 13, 14, good, pass, good, 2,8, 3,1, 2,8
GP, F, 16, 4, 2, services, other, course, 1, 2, 0, no, yes, yes, no, yes, yes, 2, 5, 2, 16, 15, 16, V.good, V.good, V.good, 2,2, 2,5, 2,2
GP, F, 16, 4, 4, health, teacher, other, 1, 2, 0, no, yes, no, yes, yes, no, 4, 4, 0, 17, 16, 16, V.good, V.good, V.good, 1,9, 2,2, 2,2
GP, F, 16, 1, 1, services, services, course, 4, 1, 0, yes, yes, no, yes, yes, yes, 5, 5, 0, 10, 10, 16, pass, pass, V.good, 4, 4, 2,2
GP, F, 16, 1, 2, other, services, reputation, 1, 2, 0, yes, no, no, yes, yes, yes, 4, 1, 0, 13, 13, 10, pass, pass, pass, 3,1, 3,1, 4
GP, F, 16, 4, 3, teacher, health, home, 1, 3, 0, yes, yes, no, yes, yes, yes, 4, 4, 0, 14, 13, 13, good, pass, pass, 2,8, 3,1, 3,1
GP, F, 15, 4, 3, services, services, reputation, 1, 2, 0, yes, no, no, yes, yes, yes, 4, 2, 0, 13, 12, 12, pass, pass, pass, 3,1, 3,4, 3,4
GP, F, 16, 4, 3, teacher, services, course, 3, 2, 0, no, yes, no, yes, yes, yes, 4, 1, 2, 16, 15, 16, V.good, V.good, V.good, 2,2, 2,5, 2,2
GP, M, 15, 4, 4, other, services, reputation, 1, 4, 0, no, yes, no, yes, yes, yes, 3, 3, 0, 11, 12, 12, pass, pass, pass, 3,7, 3,4, 3,4
GP, F, 16, 3, 1, services, other, course, 1, 4, 0, yes, yes, no, no, yes, yes, 3, 5, 0, 10, 9, 10, pass, fail, pass, 4, 4,3, 4
GP, F, 15, 2, 2, health, services, reputation, 2, 2, 0, yes, yes, no, no, yes, yes, 1, 4, 0, 11, 10, 11, pass, pass, pass, 3,7, 4, 3,7
GP, F, 15, 3, 1, other, other, reputation, 2, 4, 0, no, yes, no, no, yes, yes, 4, 3, 6, 15, 15, 15, V.good, V.good, V.good, 2,5, 2,5, 2,5
GP, M, 16, 3, 1, other, other, reputation, 2, 4, 0, no, yes, no, no, yes, yes, 3, 5, 2, 13, 11, 11, pass, pass, pass, 3,1, 3,7, 3,7
GP, M, 15, 4, 2, other, other, course, 1, 4, 0, no, no, no, no, yes, yes, 3, 3, 0, 11, 9, 10, pass, fail, pass, 3,7, 4,3, 4
GP, F, 15, 1, 1, other, other, reputation, 1, 2, 0, yes, yes, no, no, yes, yes, 3, 5, 2, 13, 11, 11, pass, pass, pass, 3,1, 3,7, 3,7
GP, M, 16, 3, 1, other, other, reputation, 1, 1, 0, no, no, no, yes, yes, no, 3, 5, 0, 13, 13, 14, pass, pass, good, 3,1, 3,1, 2,8
GP, F, 16, 3, 3, other, services, home, 1, 2, 0, yes, yes, no, yes, yes, yes, 3, 5, 4, 11, 11, 11, pass, pass, pass, 3,7, 3,7, 3,7
GP, M, 15, 4, 3, teacher, other, home, 1, 2, 0, no, yes, no, yes, yes, yes, 3, 5, 0, 11, 11, 11, pass, pass, pass, 3,7, 3,7, 3,7
GP, M, 15, 4, 0, teacher, other, course, 2, 4, 0, no, no, no, yes, yes, yes, 4, 1, 0, 12, 11, 11, pass, pass, pass, 3,4, 3,7, 3,7
GP, F, 16, 2, 2, other, other, reputation, 1, 4, 0, no, no, no, no, yes, yes, 2, 3, 1, 13, 13, 13, pass, pass, pass, 3,1, 3,1, 3,1
GP, M, 17, 2, 1, other, other, home, 2, 1, 3, yes, yes, no, yes, no, yes, 5, 3, 0, 9, 9, 10, fail, fail, pass, 4,3, 4,3, 4
GP, F, 16, 3, 4, at_home, other, course, 1, 2, 0, no, yes, no, no, yes, yes, 4, 3, 14, 12, 11, 11, pass, pass, pass, 3,4, 3,7, 3,7
GP, M, 15, 2, 3, other, services, course, 1, 1, 0, yes, yes, no, yes, yes, yes, 2, 3, 0, 11, 11, 12, pass, pass, pass, 3,7, 3,7, 3,4
GP, M, 15, 2, 3, other, other, home, 1, 3, 0, yes, no, no, no, yes, yes, 3, 5, 2, 10, 9, 9, pass, fail, fail, 4, 4,3, 4,3
GP, F, 15, 3, 2, services, other, reputation, 1, 2, 0, no, yes, no, no, yes, yes, 4, 5, 4, 12, 11, 11, pass, pass, pass, 3,4, 3,7, 3,7
GP, M, 15, 2, 2, services, services, home, 2, 2, 0, no, no, yes, yes, yes, yes, 3, 4, 2, 13, 12, 13, pass, pass, pass, 3,1, 3,4, 3,1
GP, F, 15, 1, 1, other, other, home, 1, 2, 0, no, yes, no, yes, yes, yes, 3, 4, 2, 13, 12, 12, pass, pass, pass, 3,1, 3,4, 3,4
GP, F, 15, 4, 4, services, services, reputation, 2, 2, 0, no, no, no, no, yes, yes, 4, 5, 4, 12, 11, 12, pass, pass, pass, 3,4, 3,7, 3,4
GP, F, 16, 2, 2, at_home, other, course, 1, 2, 0, no, yes, no, no, yes, no, 3, 2, 6, 13, 11, 11, pass, pass, pass, 3,1, 3,7, 3,7
GP, F, 15, 4, 2, other, other, reputation, 1, 3, 0, no, yes, no, yes, yes, yes, 3, 1, 4, 15, 15, 15, V.good, V.good, V.good, 2,5, 2,5, 2,5
GP, M, 16, 2, 2, services, other, reputation, 2, 2, 0, no, no, no, yes, yes, yes, 4, 3, 6, 12, 10, 11, pass, pass, pass, 3,4, 4, 3,7
GP, M, 16, 4, 4, teacher, health, reputation, 1, 2, 0, no, yes, no, no, yes, no, 1, 5, 6, 9, 9, 10, fail, fail, pass, 4,3, 4,3, 4
GP, F, 16, 3, 3, other, other, home, 1, 3, 0, no, yes, no, no, yes, yes, 3, 4, 2, 9, 11, 11, fail, pass, pass, 4,3, 3,7, 3,7
GP, F, 15, 4, 3, services, other, reputation, 1, 1, 0, no, no, no, yes, yes, yes, 5, 1, 6, 14, 13, 13, good, pass, pass, 2,8, 3,1, 3,1
GP, F, 16, 3, 1, other, other, home, 1, 2, 0, yes, yes, no, no, yes, no, 3, 2, 0, 12, 13, 12, pass, pass, pass, 3,4, 3,1, 3,4
GP, F, 16, 4, 2, teacher, services, home, 2, 2, 0, no, yes, no, yes, yes, yes, 3, 1, 2, 13, 14, 14, pass, good, good, 3,1, 2,8, 2,8
GP, M, 15, 2, 2, services, health, reputation, 1, 4, 0, no, yes, no, yes, yes, yes, 3, 4, 2, 11, 12, 12, pass, pass, pass, 3,7, 3,4, 3,4
GP, F, 15, 1, 1, at_home, other, home, 2, 4, 0, yes, yes, yes, yes, yes, yes, 1, 1, 4, 13, 13, 13, pass, pass, pass, 3,1, 3,1, 3,1
GP, M, 16, 4, 3, services, other, reputation, 2, 1, 0, yes, yes, yes, yes, yes, yes, 3, 4, 6, 9, 11, 11, fail, pass, pass, 4,3, 3,7, 3,7
GP, F, 16, 2, 1, other, other, course, 1, 2, 0, no, yes, no, no, yes, no, 3, 5, 0, 13, 12, 12, pass, pass, pass, 3,1, 3,4, 3,4
GP, F, 16, 4, 4, other, other, reputation, 1, 1, 0, no, no, no, yes, yes, yes, 3, 1, 4, 12, 13, 13, pass, pass, pass, 3,4, 3,1, 3,1
GP, F, 16, 4, 3, other, at_home, course, 1, 3, 0, yes, yes, no, no, yes, yes, 3, 3, 2, 12, 13, 13, pass, pass, pass, 3,4, 3,1, 3,1
GP, M, 16, 4, 4, services, services, other, 1, 1, 0, yes, yes, no, yes, yes, yes, 5, 4, 12, 9, 9, 8, fail, fail, fail, 4,3, 4,3, 4,6
GP, M, 16, 4, 4, services, teacher, other, 1, 3, 0, no, yes, no, yes, yes, yes, 4, 4, 0, 16, 16, 16, V.good, V.good, V.good, 2,2, 2,2, 2,2
GP, M, 15, 4, 4, services, other, course, 1, 1, 0, no, yes, yes, yes, yes, yes, 3, 5, 2, 12, 13, 12, pass, pass, pass, 3,4, 3,1, 3,4
GP, F, 15, 3, 2, services, other, home, 2, 2, 0, yes, yes, no, no, yes, yes, 3, 2, 16, 11, 10, 10, pass, pass, pass, 3,7, 4, 4
GP, M, 15, 3, 4, services, other, course, 1, 2, 0, no, yes, no, yes, yes, yes, 4, 1, 0, 16, 16, 16, V.good, V.good, V.good, 2,2, 2,2, 2,2
GP, F, 15, 3, 3, other, health, reputation, 1, 4, 0, yes, no, no, no, yes, no, 3, 4, 10, 10, 10, 10, pass, pass, pass, 4, 4, 4
GP, F, 15, 2, 2, other, other, course, 1, 4, 0, yes, yes, no, no, yes, yes, 1, 3, 4, 10, 10, 10, pass, pass, pass, 4, 4, 4
GP, M, 16, 3, 3, services, other, home, 1, 3, 0, no, yes, no, yes, yes, yes, 3, 5, 4, 13, 14, 14, pass, good, good, 3,1, 2,8, 2,8
GP, M, 15, 4, 4, other, other, home, 4, 4, 0, no, yes, no, yes, yes, yes, 3, 1, 8, 12, 10, 11, pass, pass, pass, 3,4, 4, 3,7
GP, F, 16, 4, 4, health, health, other, 1, 3, 0, no, yes, no, yes, yes, yes, 4, 4, 2, 15, 15, 14, V.good, V.good, good, 2,5, 2,5, 2,8
GP, M, 15, 4, 4, teacher, teacher, course, 1, 1, 0, no, no, no, yes, yes, yes, 5, 4, 4, 13, 14, 14, pass, good, good, 3,1, 2,8, 2,8
GP, F, 16, 3, 3, services, other, reputation, 1, 3, 0, yes, yes, no, yes, yes, yes, 1, 2, 4, 11, 11, 11, pass, pass, pass, 3,7, 3,7, 3,7
GP, F, 16, 2, 2, at_home, other, home, 1, 2, 1, yes, no, no, yes, yes, yes, 1, 5, 12, 8, 10, 10, fail, pass, pass, 4,6, 4, 4
GP, M, 15, 4, 2, teacher, other, course, 1, 1, 0, no, no, no, no, yes, yes, 5, 3, 10, 18, 17, 18, excellent, V.good, excellent, 1,6, 1,9, 1,6
GP, M, 15, 2, 1, health, services, reputation, 1, 2, 0, no, no, no, yes, yes, yes, 4, 5, 4, 10, 9, 10, pass, fail, pass, 4, 4,3, 4
GP, M, 16, 4, 4, teacher, teacher, course, 1, 2, 0, no, yes, no, yes, yes, yes, 4, 5, 6, 16, 14, 14, V.good, good, good, 2,2, 2,8, 2,8
GP, M, 15, 4, 4, other, teacher, reputation, 2, 2, 0, no, yes, no, yes, yes, no, 4, 2, 4, 16, 15, 16, V.good, V.good, V.good, 2,2, 2,5, 2,2
GP, M, 16, 3, 3, other, services, home, 2, 1, 0, no, no, no, yes, yes, yes, 4, 5, 6, 14, 14, 15, good, good, V.good, 2,8, 2,8, 2,5
GP, M, 17, 1, 3, other, other, course, 3, 2, 1, no, yes, no, yes, yes, yes, 2, 5, 14, 12, 11, 11, pass, pass, pass, 3,4, 3,7, 3,7
GP, M, 15, 3, 4, other, other, reputation, 1, 1, 0, no, no, no, no, yes, yes, 4, 4, 2, 14, 13, 14, good, pass, good, 2,8, 3,1, 2,8
GP, F, 15, 1, 2, at_home, services, course, 1, 2, 0, no, no, no, no, yes, yes, 2, 1, 0, 14, 14, 14, good, good, good, 2,8, 2,8, 2,8
GP, M, 15, 2, 2, services, services, home, 1, 4, 0, no, yes, no, yes, yes, yes, 5, 5, 6, 14, 13, 13, good, pass, pass, 2,8, 3,1, 3,1
GP, F, 16, 2, 4, other, health, course, 2, 2, 0, no, yes, no, yes, yes, yes, 2, 5, 2, 14, 12, 13, good, pass, pass, 2,8, 3,4, 3,1
GP, M, 16, 4, 4, health, other, course, 1, 1, 0, no, yes, no, yes, yes, yes, 4, 5, 4, 12, 13, 13, pass, pass, pass, 3,4, 3,1, 3,1
GP, F, 16, 2, 2, other, other, home, 1, 2, 0, no, no, no, no, yes, yes, 4, 5, 0, 12, 11, 11, pass, pass, pass, 3,4, 3,7, 3,7
GP, M, 15, 3, 4, services, services, home, 1, 1, 0, yes, no, no, no, yes, yes, 5, 5, 2, 9, 9, 9, fail, fail, fail, 4,3, 4,3, 4,3
GP, F, 15, 3, 4, other, other, home, 1, 2, 0, yes, no, no, yes, yes, yes, 3, 1, 0, 10, 11, 11, pass, pass, pass, 4, 3,7, 3,7
GP, F, 19, 0, 1, at_home, other, course, 1, 2, 2, no, yes, no, no, no, no, 4, 5, 0, 9, 10, 11, fail, pass, pass, 4,3, 4, 3,7
GP, M, 16, 4, 4, teacher, teacher, course, 1, 1, 0, no, no, no, yes, yes, yes, 5, 4, 8, 14, 14, 15, good, good, V.good, 2,8, 2,8, 2,5
GP, M, 16, 2, 3, other, other, course, 2, 3, 0, no, yes, no, no, yes, yes, 2, 1, 4, 13, 12, 13, pass, pass, pass, 3,1, 3,4, 3,1
GP, F, 15, 3, 4, services, teacher, course, 2, 3, 0, no, yes, no, no, yes, yes, 2, 5, 0, 10, 11, 12, pass, pass, pass, 4, 3,7, 3,4
GP, F, 18, 2, 1, services, other, reputation, 1, 2, 3, no, yes, no, yes, no, yes, 4, 5, 10, 10, 9, 8, pass, fail, fail, 4, 4,3, 4,6
GP, F, 17, 2, 1, other, other, course, 3, 1, 0, no, yes, no, no, yes, yes, 2, 5, 8, 11, 10, 11, pass, pass, pass, 3,7, 4, 3,7
GP, F, 15, 1, 1, at_home, other, course, 3, 1, 0, no, yes, no, yes, yes, yes, 3, 4, 6, 11, 12, 13, pass, pass, pass, 3,7, 3,4, 3,1
GP, F, 17, 2, 2, other, other, course, 1, 1, 0, no, yes, no, no, yes, yes, 4, 5, 2, 13, 12, 12, pass, pass, pass, 3,1, 3,4, 3,4
GP, F, 16, 3, 4, services, other, course, 1, 1, 0, no, no, no, no, yes, yes, 2, 5, 12, 15, 13, 14, V.good, pass, good, 2,5, 3,1, 2,8
GP, M, 16, 2, 1, at_home, other, course, 4, 1, 0, no, no, no, no, yes, no, 2, 2, 4, 9, 9, 11, fail, fail, pass, 4,3, 4,3, 3,7
GP, F, 16, 2, 2, other, other, home, 1, 1, 1, no, no, no, no, yes, no, 3, 5, 12, 13, 11, 11, pass, pass, pass, 3,1, 3,7, 3,7
GP, M, 15, 3, 4, at_home, teacher, course, 4, 2, 0, no, yes, no, no, yes, no, 3, 5, 2, 12, 11, 11, pass, pass, pass, 3,4, 3,7, 3,7
GP, F, 15, 4, 4, services, at_home, course, 1, 3, 0, no, yes, no, yes, yes, yes, 3, 5, 4, 13, 14, 15, pass, good, V.good, 3,1, 2,8, 2,5
GP, M, 17, 3, 4, at_home, other, course, 3, 2, 0, no, no, no, no, yes, no, 4, 5, 2, 10, 9, 10, pass, fail, pass, 4, 4,3, 4
GP, F, 16, 1, 1, at_home, other, course, 4, 2, 0, no, yes, no, no, yes, no, 1, 3, 0, 14, 13, 13, good, pass, pass, 2,8, 3,1, 3,1
GP, M, 18, 3, 1, services, services, course, 2, 1, 0, no, no, no, yes, yes, yes, 3, 4, 2, 11, 11, 12, pass, pass, pass, 3,7, 3,7, 3,4
GP, F, 18, 3, 2, other, services, course, 1, 3, 0, no, yes, no, yes, yes, yes, 3, 5, 10, 12, 11, 11, pass, pass, pass, 3,4, 3,7, 3,7
GP, F, 16, 1, 1, other, services, reputation, 2, 1, 0, no, yes, no, yes, yes, no, 3, 1, 8, 12, 11, 11, pass, pass, pass, 3,4, 3,7, 3,7
GP, F, 16, 3, 3, other, other, course, 2, 1, 0, no, yes, no, yes, yes, yes, 3, 5, 4, 9, 9, 10, fail, fail, pass, 4,3, 4,3, 4
GP, M, 16, 1, 1, services, other, course, 1, 2, 2, no, no, no, no, yes, no, 4, 5, 0, 10, 10, 10, pass, pass, pass, 4, 4, 4
GP, F, 15, 4, 4, teacher, teacher, course, 2, 1, 0, no, no, no, yes, yes, yes, 3, 5, 6, 13, 14, 14, pass, good, good, 3,1, 2,8, 2,8
GP, F, 15, 1, 1, other, other, course, 3, 1, 1, no, no, no, yes, yes, yes, 5, 1, 2, 8, 9, 9, fail, fail, fail, 4,6, 4,3, 4,3
GP, M, 15, 4, 3, teacher, services, course, 2, 4, 0, yes, yes, no, no, yes, yes, 2, 3, 6, 9, 11, 11, fail, pass, pass, 4,3, 3,7, 3,7
GP, F, 15, 3, 3, services, services, home, 1, 2, 0, no, no, no, no, yes, no, 3, 1, 24, 9, 8, 9, fail, fail, fail, 4,3, 4,6, 4,3
GP, M, 16, 4, 4, services, services, course, 1, 3, 0, no, yes, no, yes, yes, yes, 3, 5, 0, 15, 13, 13, V.good, pass, pass, 2,5, 3,1, 3,1
GP, M, 16, 2, 2, services, services, reputation, 2, 1, 0, no, yes, no, yes, yes, yes, 3, 2, 4, 12, 11, 11, pass, pass, pass, 3,4, 3,7, 3,7
GP, F, 15, 4, 4, teacher, services, course, 1, 3, 0, no, yes, no, yes, yes, yes, 2, 5, 2, 13, 13, 13, pass, pass, pass, 3,1, 3,1, 3,1
GP, F, 16, 1, 1, at_home, at_home, course, 1, 1, 0, no, no, no, no, yes, yes, 4, 1, 4, 10, 11, 11, pass, pass, pass, 4, 3,7, 3,7
GP, M, 17, 2, 1, other, other, home, 1, 1, 0, no, yes, no, no, yes, yes, 4, 5, 22, 9, 7, 6, fail, fail, fail, 4,3, 4,9, 5,2
GP, F, 15, 1, 1, other, services, course, 1, 2, 0, no, yes, no, no, yes, yes, 4, 5, 0, 12, 12, 12, pass, pass, pass, 3,4, 3,4, 3,4
GP, F, 15, 2, 1, at_home, other, home, 2, 1, 0, no, yes, no, yes, no, yes, 4, 5, 0, 11, 10, 10, pass, pass, pass, 3,7, 4, 4
GP, F, 15, 3, 2, health, services, home, 1, 2, 1, no, yes, no, no, yes, yes, 3, 3, 2, 11, 11, 11, pass, pass, pass, 3,7, 3,7, 3,7
GP, F, 15, 1, 2, at_home, other, course, 1, 2, 0, no, yes, no, no, yes, yes, 3, 5, 6, 13, 12, 13, pass, pass, pass, 3,1, 3,4, 3,1
GP, F, 15, 1, 2, at_home, services, course, 1, 2, 0, no, no, no, no, yes, no, 3, 1, 6, 11, 11, 11, pass, pass, pass, 3,7, 3,7, 3,7
GP, M, 16, 4, 4, teacher, teacher, course, 1, 1, 0, no, yes, no, no, no, yes, 3, 5, 16, 9, 9, 8, fail, fail, fail, 4,3, 4,3, 4,6
GP, M, 15, 2, 1, services, other, course, 4, 1, 0, no, no, no, no, yes, yes, 5, 5, 0, 12, 11, 11, pass, pass, pass, 3,4, 3,7, 3,7
GP, M, 18, 1, 1, other, other, course, 1, 1, 2, no, no, no, no, no, yes, 3, 4, 0, 11, 9, 0, pass, fail, fail, 3,7, 4,3, 7
GP, M, 16, 2, 1, at_home, other, course, 1, 1, 1, no, no, no, yes, yes, no, 4, 5, 6, 9, 10, 10, fail, pass, pass, 4,3, 4, 4
GP, F, 15, 3, 3, services, services, reputation, 2, 3, 0, no, yes, yes, yes, yes, yes, 2, 3, 2, 13, 13, 13, pass, pass, pass, 3,1, 3,1, 3,1
GP, M, 19, 3, 2, services, at_home, home, 1, 1, 0, no, yes, no, no, no, yes, 5, 4, 6, 11, 9, 11, pass, fail, pass, 3,7, 4,3, 3,7
GP, F, 17, 4, 4, other, teacher, course, 1, 1, 0, yes, yes, no, no, yes, no, 2, 4, 0, 13, 13, 13, pass, pass, pass, 3,1, 3,1, 3,1
GP, M, 15, 2, 3, at_home, services, course, 1, 2, 0, yes, no, yes, yes, yes, no, 4, 1, 0, 7, 8, 8, fail, fail, fail, 4,9, 4,6, 4,6
GP, M, 17, 1, 2, other, other, reputation, 1, 1, 3, no, no, no, no, yes, no, 2, 5, 14, 9, 8, 10, fail, fail, pass, 4,3, 4,6, 4
GP, F, 18, 1, 1, at_home, other, course, 3, 1, 3, no, yes, no, yes, yes, no, 2, 4, 6, 11, 10, 11, pass, pass, pass, 3,7, 4, 3,7
GP, M, 16, 2, 2, at_home, other, course, 3, 1, 0, no, no, no, no, yes, no, 2, 3, 4, 12, 10, 11, pass, pass, pass, 3,4, 4, 3,7
GP, M, 16, 3, 3, other, services, course, 1, 2, 1, no, yes, no, no, yes, yes, 5, 5, 0, 10, 10, 1, pass, pass, fail, 4, 4, 6,7
GP, M, 16, 1, 2, health, services, course, 2, 1, 2, no, no, no, no, yes, yes, 4, 5, 0, 9, 8, 10, fail, fail, pass, 4,3, 4,6, 4
GP, M, 17, 2, 1, at_home, other, course, 2, 1, 1, no, no, yes, yes, no, yes, 3, 5, 8, 8, 8, 9, fail, fail, fail, 4,6, 4,6, 4,3
GP, M, 17, 3, 2, other, other, course, 2, 2, 2, yes, yes, no, no, yes, yes, 4, 3, 4, 7, 6, 8, fail, fail, fail, 4,9, 5,2, 4,6
GP, M, 15, 1, 2, other, other, course, 2, 1, 0, no, no, no, yes, yes, no, 4, 5, 2, 8, 9, 10, fail, fail, pass, 4,6, 4,3, 4
GP, M, 16, 1, 3, at_home, services, course, 1, 1, 1, no, no, no, no, no, yes, 3, 2, 2, 9, 8, 8, fail, fail, fail, 4,3, 4,6, 4,6
GP, M, 17, 1, 1, other, services, course, 4, 2, 0, no, no, no, yes, no, no, 3, 5, 0, 8, 8, 8, fail, fail, fail, 4,6, 4,6, 4,6
GP, M, 17, 3, 2, services, services, course, 2, 1, 3, no, yes, no, yes, no, no, 5, 2, 10, 8, 7, 8, fail, fail, fail, 4,6, 4,9, 4,6
GP, M, 16, 2, 2, other, other, course, 1, 2, 0, no, no, no, no, no, yes, 3, 4, 0, 9, 10, 11, fail, pass, pass, 4,3, 4, 3,7
GP, F, 16, 4, 2, health, services, home, 1, 2, 0, no, no, no, no, yes, yes, 2, 3, 0, 17, 17, 18, V.good, V.good, excellent, 1,9, 1,9, 1,6
GP, F, 16, 2, 2, other, other, home, 1, 2, 0, no, yes, no, no, yes, yes, 1, 4, 0, 12, 12, 13, pass, pass, pass, 3,4, 3,4, 3,1
GP, F, 16, 4, 4, health, health, reputation, 1, 2, 0, no, yes, no, no, yes, yes, 4, 3, 0, 16, 16, 17, V.good, V.good, V.good, 2,2, 2,2, 1,9
GP, M, 16, 3, 4, other, other, course, 3, 1, 1, no, yes, no, yes, yes, yes, 4, 2, 4, 9, 9, 10, fail, fail, pass, 4,3, 4,3, 4
GP, M, 16, 1, 0, other, other, reputation, 2, 2, 0, no, yes, no, yes, yes, yes, 3, 3, 0, 16, 17, 18, V.good, V.good, excellent, 2,2, 1,9, 1,6
GP, M, 17, 4, 4, teacher, other, reputation, 1, 2, 0, no, yes, no, yes, yes, yes, 4, 5, 0, 11, 9, 10, pass, fail, pass, 3,7, 4,3, 4
GP, F, 16, 1, 3, at_home, services, home, 1, 2, 0, no, no, no, yes, yes, yes, 3, 3, 0, 14, 13, 13, good, pass, pass, 2,8, 3,1, 3,1
GP, F, 16, 3, 3, other, other, reputation, 2, 2, 0, no, yes, no, yes, yes, yes, 4, 4, 0, 14, 14, 15, good, good, V.good, 2,8, 2,8, 2,5
GP, M, 17, 4, 3, teacher, other, course, 2, 2, 0, no, no, no, yes, yes, yes, 4, 4, 0, 10, 11, 11, pass, pass, pass, 4, 3,7, 3,7
GP, F, 16, 2, 2, services, other, reputation, 2, 2, 0, no, no, no, yes, yes, yes, 4, 5, 0, 13, 12, 14, pass, pass, good, 3,1, 3,4, 2,8
GP, M, 17, 3, 3, other, other, reputation, 1, 2, 0, no, no, no, yes, yes, yes, 3, 4, 4, 11, 9, 10, pass, fail, pass, 3,7, 4,3, 4
GP, M, 16, 4, 2, teacher, services, other, 1, 1, 0, no, yes, no, yes, yes, yes, 3, 3, 8, 10, 9, 11, pass, fail, pass, 4, 4,3, 3,7
GP, M, 17, 4, 3, other, other, course, 1, 2, 0, no, yes, yes, yes, yes, yes, 2, 2, 4, 11, 11, 13, pass, pass, pass, 3,7, 3,7, 3,1
GP, M, 16, 4, 3, teacher, other, home, 1, 2, 0, no, yes, yes, yes, yes, yes, 4, 3, 4, 11, 10, 11, pass, pass, pass, 3,7, 4, 3,7
GP, M, 16, 3, 3, services, other, home, 1, 2, 0, no, no, no, yes, yes, yes, 2, 3, 0, 11, 12, 13, pass, pass, pass, 3,7, 3,4, 3,1
GP, F, 17, 2, 4, services, services, reputation, 1, 2, 0, no, yes, no, yes, yes, no, 4, 5, 0, 17, 18, 17, V.good, excellent, V.good, 1,9, 1,6, 1,9
GP, F, 17, 3, 3, other, other, reputation, 1, 2, 0, no, yes, no, yes, yes, yes, 3, 1, 32, 14, 13, 14, good, pass, good, 2,8, 3,1, 2,8
GP, F, 16, 3, 2, other, other, reputation, 1, 2, 0, no, yes, no, no, yes, yes, 2, 1, 8, 14, 15, 16, good, V.good, V.good, 2,8, 2,5, 2,2
GP, M, 17, 3, 3, services, services, other, 1, 2, 0, no, yes, no, yes, yes, yes, 3, 4, 6, 11, 13, 14, pass, pass, good, 3,7, 3,1, 2,8
GP, M, 16, 1, 2, services, services, other, 1, 1, 0, no, yes, no, yes, yes, yes, 3, 3, 0, 10, 9, 11, pass, fail, pass, 4, 4,3, 3,7
GP, M, 16, 2, 1, other, other, course, 1, 2, 0, no, no, no, yes, yes, yes, 2, 5, 0, 13, 14, 16, pass, good, V.good, 3,1, 2,8, 2,2
GP, F, 17, 3, 3, health, other, reputation, 1, 2, 0, no, yes, no, no, yes, yes, 3, 3, 10, 12, 13, 14, pass, pass, good, 3,4, 3,1, 2,8
GP, M, 17, 1, 2, at_home, other, home, 1, 2, 0, no, no, no, no, yes, no, 1, 3, 6, 9, 9, 10, fail, fail, pass, 4,3, 4,3, 4
GP, F, 16, 2, 3, services, services, course, 1, 2, 0, no, no, no, no, yes, yes, 3, 2, 6, 12, 12, 13, pass, pass, pass, 3,4, 3,4, 3,1
GP, F, 17, 1, 1, at_home, services, course, 1, 2, 0, no, no, no, yes, yes, yes, 3, 3, 0, 12, 11, 12, pass, pass, pass, 3,4, 3,7, 3,4
GP, M, 17, 1, 2, at_home, services, other, 2, 2, 0, no, no, no, yes, yes, yes, 4, 5, 16, 10, 11, 12, pass, pass, pass, 4, 3,7, 3,4
GP, M, 16, 3, 3, services, services, reputation, 1, 1, 0, no, yes, no, yes, yes, yes, 3, 5, 0, 11, 10, 10, pass, pass, pass, 3,7, 4, 4
GP, M, 16, 2, 3, other, other, home, 2, 1, 0, no, no, no, no, yes, yes, 3, 3, 0, 13, 12, 12, pass, pass, pass, 3,1, 3,4, 3,4
GP, F, 17, 2, 4, services, services, course, 1, 2, 0, no, no, no, yes, yes, yes, 3, 5, 8, 14, 15, 16, good, V.good, V.good, 2,8, 2,5, 2,2
GP, M, 17, 4, 4, services, teacher, home, 1, 1, 0, no, no, no, no, yes, yes, 2, 5, 4, 13, 13, 14, pass, pass, good, 3,1, 3,1, 2,8
GP, M, 16, 3, 3, teacher, other, home, 3, 1, 0, no, yes, no, yes, yes, yes, 3, 3, 16, 10, 11, 12, pass, pass, pass, 4, 3,7, 3,4
GP, F, 17, 4, 4, services, teacher, home, 2, 1, 1, no, yes, no, no, yes, yes, 2, 2, 30, 14, 15, 16, good, V.good, V.good, 2,8, 2,5, 2,2
GP, F, 16, 4, 4, teacher, teacher, reputation, 1, 2, 0, no, yes, no, no, yes, yes, 5, 3, 0, 11, 10, 11, pass, pass, pass, 3,7, 4, 3,7
GP, F, 16, 4, 3, health, other, home, 1, 2, 0, no, yes, no, yes, yes, yes, 3, 2, 2, 14, 14, 15, good, good, V.good, 2,8, 2,8, 2,5
GP, F, 16, 2, 3, other, other, reputation, 1, 2, 0, yes, yes, no, yes, yes, no, 4, 4, 4, 11, 12, 12, pass, pass, pass, 3,7, 3,4, 3,4
GP, F, 17, 1, 1, other, other, course, 1, 2, 0, no, yes, no, no, yes, no, 4, 1, 0, 14, 15, 15, good, V.good, V.good, 2,8, 2,5, 2,5
GP, F, 17, 2, 2, other, other, reputation, 1, 1, 0, no, yes, no, no, yes, yes, 3, 3, 21, 13, 13, 13, pass, pass, pass, 3,1, 3,1, 3,1
GP, F, 16, 2, 2, services, services, reputation, 2, 4, 0, no, yes, no, yes, yes, yes, 3, 5, 6, 13, 13, 13, pass, pass, pass, 3,1, 3,1, 3,1
GP, F, 17, 3, 4, at_home, services, home, 1, 3, 1, no, yes, yes, no, yes, yes, 4, 5, 14, 8, 9, 8, fail, fail, fail, 4,6, 4,3, 4,6
GP, F, 16, 3, 1, services, other, course, 1, 2, 0, no, yes, no, no, yes, yes, 3, 4, 2, 11, 11, 12, pass, pass, pass, 3,7, 3,7, 3,4
GP, F, 16, 4, 3, teacher, other, other, 1, 2, 0, no, no, no, yes, yes, yes, 3, 1, 4, 14, 15, 15, good, V.good, V.good, 2,8, 2,5, 2,5
GP, F, 16, 1, 1, at_home, other, home, 2, 1, 0, no, yes, no, no, yes, no, 3, 5, 2, 12, 13, 13, pass, pass, pass, 3,4, 3,1, 3,1
GP, F, 17, 4, 3, teacher, other, reputation, 2, 3, 0, no, yes, no, yes, yes, yes, 4, 4, 0, 11, 12, 12, pass, pass, pass, 3,7, 3,4, 3,4
GP, F, 19, 3, 3, other, other, reputation, 1, 4, 0, no, yes, no, yes, yes, yes, 3, 3, 4, 12, 12, 12, pass, pass, pass, 3,4, 3,4, 3,4
GP, M, 17, 4, 4, services, other, home, 1, 2, 0, no, yes, no, no, yes, yes, 3, 3, 15, 13, 12, 12, pass, pass, pass, 3,1, 3,4, 3,4
GP, F, 16, 2, 2, other, other, reputation, 1, 2, 0, yes, yes, no, no, yes, yes, 3, 4, 0, 13, 13, 13, pass, pass, pass, 3,1, 3,1, 3,1
GP, M, 18, 2, 2, services, other, home, 1, 2, 0, no, yes, no, yes, yes, yes, 4, 5, 10, 12, 11, 11, pass, pass, pass, 3,4, 3,7, 3,7
GP, F, 17, 4, 4, services, other, other, 1, 1, 0, no, yes, no, no, yes, no, 2, 3, 6, 12, 11, 11, pass, pass, pass, 3,4, 3,7, 3,7
GP, F, 17, 3, 2, other, other, reputation, 2, 2, 0, no, no, no, no, yes, yes, 4, 1, 2, 14, 16, 15, good, V.good, V.good, 2,8, 2,2, 2,5
GP, F, 17, 4, 3, other, other, reputation, 1, 2, 0, no, no, no, no, yes, yes, 4, 1, 16, 11, 9, 10, pass, fail, pass, 3,7, 4,3, 4
GP, M, 18, 3, 3, services, health, home, 1, 2, 0, no, yes, no, no, yes, yes, 2, 4, 10, 10, 10, 10, pass, pass, pass, 4, 4, 4
GP, F, 17, 2, 3, at_home, other, home, 2, 1, 0, no, yes, no, no, yes, no, 3, 3, 4, 12, 13, 13, pass, pass, pass, 3,4, 3,1, 3,1
GP, F, 17, 2, 2, at_home, at_home, course, 1, 3, 0, no, yes, no, yes, yes, yes, 3, 4, 0, 12, 12, 13, pass, pass, pass, 3,4, 3,4, 3,1
GP, F, 17, 2, 1, at_home, services, reputation, 2, 2, 0, no, yes, no, yes, yes, yes, 2, 5, 0, 11, 10, 11, pass, pass, pass, 3,7, 4, 3,7
GP, F, 17, 1, 1, at_home, other, reputation, 1, 3, 0, no, yes, no, yes, yes, no, 3, 5, 12, 12, 12, 12, pass, pass, pass, 3,4, 3,4, 3,4
GP, F, 16, 2, 3, services, teacher, other, 1, 2, 0, yes, no, no, no, yes, yes, 3, 3, 0, 13, 13, 14, pass, pass, good, 3,1, 3,1, 2,8
GP, M, 18, 2, 2, other, other, home, 2, 2, 3, no, yes, yes, no, yes, yes, 3, 4, 9, 10, 9, 10, pass, fail, pass, 4, 4,3, 4
GP, F, 16, 4, 4, teacher, services, home, 1, 3, 0, no, yes, no, yes, yes, yes, 3, 5, 4, 15, 16, 16, V.good, V.good, V.good, 2,5, 2,2, 2,2
GP, F, 18, 3, 1, other, other, reputation, 1, 2, 0, no, no, no, yes, yes, yes, 3, 4, 4, 8, 8, 8, fail, fail, fail, 4,6, 4,6, 4,6
GP, F, 17, 3, 2, other, other, course, 1, 2, 0, no, no, no, yes, yes, yes, 3, 3, 2, 17, 18, 17, V.good, excellent, V.good, 1,9, 1,6, 1,9
GP, M, 17, 2, 3, services, services, reputation, 1, 2, 0, no, yes, no, no, yes, yes, 3, 3, 0, 10, 11, 11, pass, pass, pass, 4, 3,7, 3,7
GP, M, 18, 2, 1, at_home, other, course, 4, 2, 0, yes, yes, no, yes, yes, yes, 3, 3, 2, 9, 10, 11, fail, pass, pass, 4,3, 4, 3,7
GP, F, 17, 2, 1, other, other, course, 2, 3, 0, no, no, no, yes, yes, yes, 2, 3, 0, 15, 15, 16, V.good, V.good, V.good, 2,5, 2,5, 2,2
GP, F, 17, 4, 3, health, other, reputation, 1, 2, 0, no, no, no, yes, yes, yes, 2, 3, 0, 14, 12, 12, good, pass, pass, 2,8, 3,4, 3,4
GP, M, 17, 2, 2, other, other, course, 2, 2, 0, no, yes, no, yes, yes, yes, 5, 1, 0, 12, 13, 13, pass, pass, pass, 3,4, 3,1, 3,1
GP, M, 17, 4, 4, teacher, teacher, reputation, 1, 2, 0, yes, yes, no, yes, yes, yes, 5, 2, 0, 13, 13, 13, pass, pass, pass, 3,1, 3,1, 3,1
GP, M, 16, 4, 4, health, other, reputation, 1, 2, 0, no, yes, no, yes, yes, yes, 2, 1, 0, 13, 13, 14, pass, pass, good, 3,1, 3,1, 2,8
GP, M, 16, 1, 1, other, other, home, 2, 2, 0, no, yes, no, no, yes, yes, 4, 5, 2, 9, 9, 9, fail, fail, fail, 4,3, 4,3, 4,3
GP, M, 16, 3, 2, at_home, other, reputation, 2, 3, 0, no, no, no, yes, yes, yes, 3, 2, 0, 12, 12, 12, pass, pass, pass, 3,4, 3,4, 3,4
GP, M, 17, 2, 2, other, other, home, 1, 2, 0, no, no, no, yes, yes, yes, 4, 4, 0, 16, 16, 16, V.good, V.good, V.good, 2,2, 2,2, 2,2
GP, F, 16, 2, 1, other, other, home, 1, 1, 0, no, no, no, no, yes, yes, 5, 5, 4, 9, 10, 10, fail, pass, pass, 4,3, 4, 4
GP, F, 16, 4, 1, other, other, home, 1, 2, 0, no, no, no, yes, yes, yes, 3, 5, 0, 14, 13, 13, good, pass, pass, 2,8, 3,1, 3,1
GP, F, 18, 2, 4, services, other, course, 2, 2, 1, no, yes, no, no, yes, yes, 3, 3, 18, 10, 10, 10, pass, pass, pass, 4, 4, 4
GP, F, 18, 2, 2, at_home, services, course, 1, 2, 1, no, yes, no, no, yes, yes, 3, 5, 16, 9, 8, 10, fail, fail, pass, 4,3, 4,6, 4
GP, F, 18, 3, 3, other, other, course, 2, 1, 1, no, no, no, no, no, yes, 1, 3, 14, 8, 7, 7, fail, fail, fail, 4,6, 4,9, 4,9
GP, M, 18, 2, 2, other, at_home, course, 1, 1, 1, no, yes, no, yes, no, yes, 4, 1, 26, 7, 8, 8, fail, fail, fail, 4,9, 4,6, 4,6
GP, M, 17, 4, 4, teacher, teacher, course, 1, 1, 0, no, yes, no, yes, yes, yes, 2, 5, 6, 10, 8, 9, pass, fail, fail, 4, 4,6, 4,3
GP, F, 17, 3, 2, other, other, course, 1, 2, 0, no, no, no, yes, yes, no, 4, 3, 4, 14, 14, 15, good, good, V.good, 2,8, 2,8, 2,5
GP, F, 17, 1, 1, at_home, at_home, course, 1, 3, 0, no, yes, no, yes, yes, yes, 3, 4, 10, 11, 10, 10, pass, pass, pass, 3,7, 4, 4
GP, F, 16, 1, 2, other, other, course, 1, 1, 0, no, no, no, no, no, yes, 3, 5, 4, 12, 11, 11, pass, pass, pass, 3,4, 3,7, 3,7
GP, F, 17, 2, 1, at_home, services, course, 3, 2, 0, no, no, no, yes, yes, no, 1, 3, 2, 13, 13, 13, pass, pass, pass, 3,1, 3,1, 3,1
GP, F, 17, 1, 4, other, other, course, 4, 1, 1, no, yes, no, no, yes, yes, 5, 5, 14, 9, 9, 8, fail, fail, fail, 4,3, 4,3, 4,6
GP, M, 18, 2, 2, other, services, reputation, 1, 2, 0, no, no, no, no, no, yes, 5, 2, 16, 8, 7, 8, fail, fail, fail, 4,6, 4,9, 4,6
GP, F, 17, 2, 2, other, other, home, 1, 1, 1, no, yes, no, no, no, yes, 1, 1, 8, 11, 9, 10, pass, fail, pass, 3,7, 4,3, 4
GP, F, 17, 1, 1, at_home, other, course, 2, 3, 0, no, no, no, yes, yes, yes, 3, 5, 4, 15, 14, 15, V.good, good, V.good, 2,5, 2,8, 2,5
GP, F, 17, 4, 2, teacher, other, course, 1, 2, 0, no, yes, no, yes, yes, no, 3, 4, 4, 15, 14, 14, V.good, good, good, 2,5, 2,8, 2,8
GP, M, 17, 4, 3, health, other, course, 2, 2, 0, no, no, no, yes, yes, yes, 5, 5, 8, 15, 15, 15, V.good, V.good, V.good, 2,5, 2,5, 2,5
GP, M, 17, 4, 4, teacher, other, course, 2, 2, 0, no, yes, no, no, yes, yes, 3, 4, 0, 12, 12, 12, pass, pass, pass, 3,4, 3,4, 3,4
GP, M, 16, 4, 3, teacher, other, course, 1, 1, 0, no, no, no, yes, yes, yes, 4, 3, 7, 14, 14, 15, good, good, V.good, 2,8, 2,8, 2,5
GP, M, 16, 4, 4, services, services, course, 1, 1, 0, no, no, yes, yes, yes, yes, 3, 5, 4, 14, 15, 15, good, V.good, V.good, 2,8, 2,5, 2,5
GP, F, 17, 4, 4, teacher, services, course, 1, 2, 0, no, yes, yes, no, yes, yes, 3, 5, 2, 11, 11, 12, pass, pass, pass, 3,7, 3,7, 3,4
GP, M, 17, 1, 1, other, other, home, 2, 3, 0, no, no, no, no, yes, yes, 3, 1, 2, 13, 14, 15, pass, good, V.good, 3,1, 2,8, 2,5
GP, F, 17, 3, 3, services, other, home, 2, 3, 0, no, yes, no, no, yes, yes, 2, 5, 10, 11, 11, 11, pass, pass, pass, 3,7, 3,7, 3,7
GP, F, 17, 1, 1, at_home, other, course, 1, 2, 0, yes, no, no, no, yes, no, 3, 4, 10, 10, 9, 10, pass, fail, pass, 4, 4,3, 4
GP, F, 18, 2, 1, other, other, course, 2, 3, 0, no, yes, no, no, yes, yes, 4, 3, 10, 12, 10, 11, pass, pass, pass, 3,4, 4, 3,7
GP, M, 16, 2, 1, other, other, course, 3, 1, 0, no, no, no, no, yes, yes, 3, 4, 7, 15, 16, 16, V.good, V.good, V.good, 2,5, 2,2, 2,2
GP, F, 17, 1, 1, other, services, course, 1, 2, 0, no, yes, no, no, yes, no, 3, 5, 4, 11, 10, 11, pass, pass, pass, 3,7, 4, 3,7
GP, M, 17, 2, 3, other, other, course, 2, 1, 0, no, no, no, no, yes, yes, 2, 2, 2, 9, 12, 13, fail, pass, pass, 4,3, 3,4, 3,1
GP, M, 22, 3, 1, services, services, other, 1, 1, 3, no, no, no, no, no, yes, 4, 1, 12, 7, 8, 5, fail, fail, fail, 4,9, 4,6, 5,5
GP, M, 18, 3, 3, other, services, course, 1, 2, 0, no, yes, no, no, yes, yes, 3, 5, 8, 10, 9, 10, pass, fail, pass, 4, 4,3, 4
GP, M, 16, 0, 2, other, other, other, 1, 1, 0, no, no, no, no, yes, yes, 3, 5, 0, 11, 12, 11, pass, pass, pass, 3,7, 3,4, 3,7
GP, M, 18, 3, 2, services, other, course, 2, 1, 0, no, no, no, no, no, yes, 4, 5, 8, 7, 8, 7, fail, fail, fail, 4,9, 4,6, 4,9
GP, M, 16, 3, 3, at_home, other, reputation, 3, 2, 1, yes, yes, no, no, yes, yes, 3, 2, 4, 9, 11, 10, fail, pass, pass, 4,3, 3,7, 4
GP, M, 18, 2, 1, services, services, other, 1, 1, 2, no, no, no, no, no, yes, 2, 5, 4, 7, 8, 6, fail, fail, fail, 4,9, 4,6, 5,2
GP, M, 16, 2, 1, other, other, course, 2, 1, 0, no, no, no, yes, yes, no, 3, 3, 2, 14, 13, 12, good, pass, pass, 2,8, 3,1, 3,4
GP, M, 17, 2, 1, other, other, course, 1, 1, 0, no, no, no, no, yes, yes, 4, 5, 0, 12, 12, 13, pass, pass, pass, 3,4, 3,4, 3,1
GP, M, 17, 1, 1, health, other, course, 2, 1, 1, no, yes, no, yes, yes, yes, 4, 5, 0, 9, 10, 10, fail, pass, pass, 4,3, 4, 4
GP, F, 18, 2, 1, other, other, course, 1, 2, 0, no, yes, no, no, yes, yes, 3, 5, 2, 12, 12, 13, pass, pass, pass, 3,4, 3,4, 3,1
GP, F, 17, 4, 2, teacher, services, reputation, 1, 4, 0, no, yes, no, yes, yes, yes, 2, 4, 2, 14, 15, 17, good, V.good, V.good, 2,8, 2,5, 1,9
GP, F, 19, 2, 2, services, services, home, 1, 2, 0, no, yes, no, no, yes, yes, 3, 5, 0, 10, 10, 11, pass, pass, pass, 4, 4, 3,7
GP, M, 18, 2, 1, services, other, course, 3, 2, 1, no, no, no, yes, no, yes, 4, 5, 4, 11, 10, 11, pass, pass, pass, 3,7, 4, 3,7
GP, F, 17, 4, 2, other, other, course, 1, 3, 0, no, yes, no, yes, yes, yes, 3, 5, 2, 11, 12, 14, pass, pass, good, 3,7, 3,4, 2,8
GP, F, 18, 1, 1, other, at_home, home, 1, 3, 0, no, yes, no, no, yes, no, 4, 3, 4, 11, 12, 14, pass, pass, good, 3,7, 3,4, 2,8
GP, F, 18, 2, 2, other, other, home, 1, 2, 0, yes, no, no, no, yes, no, 2, 5, 4, 11, 11, 13, pass, pass, pass, 3,7, 3,7, 3,1
GP, M, 19, 4, 3, services, at_home, reputation, 1, 2, 0, no, yes, no, no, yes, yes, 3, 1, 4, 11, 13, 14, pass, pass, good, 3,7, 3,1, 2,8
GP, M, 18, 2, 1, other, other, home, 1, 2, 0, no, no, no, yes, yes, yes, 2, 4, 2, 16, 16, 16, V.good, V.good, V.good, 2,2, 2,2, 2,2
GP, M, 17, 2, 2, other, services, other, 2, 1, 0, no, no, no, no, no, no, 2, 4, 0, 9, 10, 10, fail, pass, pass, 4,3, 4, 4
GP, F, 17, 2, 2, services, services, course, 1, 4, 0, no, no, no, yes, yes, yes, 4, 2, 2, 10, 11, 12, pass, pass, pass, 4, 3,7, 3,4
GP, F, 20, 2, 1, other, other, course, 2, 2, 0, no, yes, yes, yes, no, yes, 2, 2, 8, 10, 12, 12, pass, pass, pass, 4, 3,4, 3,4
GP, F, 18, 4, 3, services, other, home, 1, 2, 0, no, yes, no, no, yes, yes, 1, 2, 2, 15, 15, 15, V.good, V.good, V.good, 2,5, 2,5, 2,5
GP, M, 18, 4, 3, teacher, other, course, 1, 2, 0, no, yes, no, no, yes, yes, 3, 3, 2, 10, 10, 11, pass, pass, pass, 4, 4, 3,7
GP, M, 18, 3, 2, other, other, course, 1, 3, 0, no, no, no, yes, yes, no, 3, 3, 2, 10, 11, 12, pass, pass, pass, 4, 3,7, 3,4
GP, F, 17, 3, 3, other, other, home, 1, 3, 0, no, no, no, yes, yes, no, 2, 4, 2, 15, 12, 13, V.good, pass, pass, 2,5, 3,4, 3,1
GP, F, 18, 2, 2, at_home, services, home, 1, 3, 0, no, yes, no, yes, yes, yes, 3, 3, 0, 11, 12, 13, pass, pass, pass, 3,7, 3,4, 3,1
GP, M, 17, 2, 2, other, other, home, 2, 1, 0, no, no, no, no, no, yes, 4, 4, 8, 8, 8, 9, fail, fail, fail, 4,6, 4,6, 4,3
GP, M, 18, 3, 4, other, other, reputation, 2, 2, 0, no, yes, no, yes, yes, yes, 2, 1, 6, 15, 16, 16, V.good, V.good, V.good, 2,5, 2,2, 2,2
GP, M, 17, 3, 1, services, other, other, 1, 2, 0, no, no, no, yes, yes, yes, 4, 5, 0, 11, 11, 14, pass, pass, good, 3,7, 3,7, 2,8
GP, F, 18, 4, 4, teacher, other, reputation, 2, 2, 0, no, no, no, yes, yes, yes, 3, 4, 8, 10, 11, 12, pass, pass, pass, 4, 3,7, 3,4
GP, M, 18, 4, 2, health, other, reputation, 1, 2, 0, no, yes, no, yes, yes, yes, 4, 5, 4, 10, 12, 14, pass, pass, good, 4, 3,4, 2,8
GP, F, 18, 2, 1, other, other, reputation, 2, 2, 0, no, yes, no, no, no, yes, 3, 3, 12, 8, 9, 10, fail, fail, pass, 4,6, 4,3, 4
GP, F, 19, 3, 3, other, services, home, 1, 2, 0, no, yes, no, yes, yes, yes, 3, 5, 16, 11, 12, 12, pass, pass, pass, 3,7, 3,4, 3,4
GP, F, 18, 2, 3, other, services, reputation, 1, 4, 0, no, yes, no, yes, yes, yes, 5, 2, 10, 16, 16, 16, V.good, V.good, V.good, 2,2, 2,2, 2,2
GP, F, 18, 1, 1, other, other, home, 2, 2, 0, no, yes, no, no, yes, no, 4, 3, 2, 13, 13, 13, pass, pass, pass, 3,1, 3,1, 3,1
GP, M, 17, 1, 2, at_home, at_home, home, 1, 2, 0, no, yes, no, yes, yes, no, 5, 1, 2, 16, 17, 18, V.good, V.good, excellent, 2,2, 1,9, 1,6
GP, F, 18, 2, 1, other, other, home, 1, 2, 0, no, yes, no, no, yes, yes, 2, 1, 8, 14, 14, 15, good, good, V.good, 2,8, 2,8, 2,5
GP, F, 17, 2, 4, at_home, health, reputation, 2, 2, 0, no, yes, no, no, yes, yes, 3, 1, 6, 15, 16, 16, V.good, V.good, V.good, 2,5, 2,2, 2,2
GP, F, 17, 2, 2, services, other, course, 2, 2, 0, yes, yes, no, no, yes, yes, 4, 5, 6, 12, 12, 12, pass, pass, pass, 3,4, 3,4, 3,4
GP, F, 18, 3, 2, other, services, home, 2, 2, 0, no, no, no, no, no, yes, 1, 5, 15, 12, 9, 10, pass, fail, pass, 3,4, 4,3, 4
GP, M, 18, 4, 4, teacher, services, home, 2, 1, 0, no, no, no, yes, yes, yes, 2, 3, 6, 11, 12, 12, pass, pass, pass, 3,7, 3,4, 3,4
GP, F, 18, 4, 4, health, health, reputation, 1, 2, 1, yes, yes, no, yes, yes, yes, 4, 4, 2, 14, 12, 13, good, pass, pass, 2,8, 3,4, 3,1
GP, F, 17, 2, 2, other, services, reputation, 3, 3, 0, no, yes, no, no, yes, yes, 2, 1, 8, 13, 15, 15, pass, V.good, V.good, 3,1, 2,5, 2,5
GP, F, 19, 3, 2, services, services, reputation, 1, 2, 1, yes, yes, no, no, no, yes, 3, 3, 0, 9, 8, 10, fail, fail, pass, 4,3, 4,6, 4
GP, M, 18, 4, 3, teacher, services, course, 2, 1, 0, no, no, no, yes, yes, yes, 2, 1, 0, 10, 10, 10, pass, pass, pass, 4, 4, 4
GP, M, 18, 1, 2, at_home, other, home, 2, 1, 0, no, no, no, no, no, yes, 4, 4, 10, 10, 10, 11, pass, pass, pass, 4, 4, 3,7
GP, M, 17, 4, 1, services, other, home, 2, 1, 0, no, no, no, yes, yes, yes, 5, 5, 22, 11, 11, 10, pass, pass, pass, 3,7, 3,7, 4
GP, M, 17, 3, 2, teacher, services, home, 1, 1, 0, no, no, no, no, yes, yes, 4, 3, 18, 13, 13, 13, pass, pass, pass, 3,1, 3,1, 3,1
GP, F, 18, 1, 1, at_home, other, reputation, 2, 4, 0, no, yes, no, yes, yes, no, 2, 3, 2, 17, 17, 18, V.good, V.good, excellent, 1,9, 1,9, 1,6
GP, F, 18, 1, 1, other, other, home, 2, 2, 0, yes, no, no, yes, yes, yes, 4, 4, 0, 12, 13, 13, pass, pass, pass, 3,4, 3,1, 3,1
GP, F, 17, 2, 2, other, other, course, 1, 2, 0, no, yes, no, no, yes, yes, 4, 5, 12, 12, 12, 14, pass, pass, good, 3,4, 3,4, 2,8
GP, F, 18, 2, 1, other, other, reputation, 2, 2, 0, no, no, no, yes, yes, yes, 3, 5, 10, 12, 13, 14, pass, pass, good, 3,4, 3,1, 2,8
GP, M, 17, 1, 1, other, other, reputation, 1, 2, 0, no, no, no, no, yes, yes, 3, 4, 0, 12, 12, 12, pass, pass, pass, 3,4, 3,4, 3,4
GP, F, 18, 2, 2, at_home, at_home, other, 1, 3, 0, no, yes, no, no, yes, yes, 3, 2, 0, 18, 18, 18, excellent, excellent, excellent, 1,6, 1,6, 1,6
GP, F, 17, 1, 1, services, teacher, reputation, 1, 3, 0, no, yes, no, no, yes, yes, 3, 3, 0, 13, 13, 14, pass, pass, good, 3,1, 3,1, 2,8
GP, M, 18, 2, 1, services, services, reputation, 1, 3, 0, no, no, no, yes, yes, yes, 2, 2, 0, 14, 15, 15, good, V.good, V.good, 2,8, 2,5, 2,5
GP, M, 18, 4, 4, teacher, teacher, reputation, 1, 2, 0, no, yes, no, yes, yes, yes, 4, 2, 0, 17, 17, 17, V.good, V.good, V.good, 1,9, 1,9, 1,9
GP, M, 18, 4, 2, teacher, other, home, 1, 2, 0, no, yes, no, yes, yes, yes, 3, 5, 2, 15, 16, 16, V.good, V.good, V.good, 2,5, 2,2, 2,2
GP, F, 17, 4, 3, health, services, reputation, 1, 3, 0, no, yes, no, no, yes, yes, 2, 3, 0, 17, 18, 18, V.good, excellent, excellent, 1,9, 1,6, 1,6
GP, F, 17, 3, 1, services, other, reputation, 2, 4, 0, no, yes, no, no, yes, no, 1, 3, 0, 18, 19, 19, excellent, excellent, excellent, 1,6, 1,3, 1,3
GP, M, 18, 3, 2, services, other, reputation, 2, 3, 0, no, yes, no, yes, yes, yes, 4, 4, 0, 14, 15, 15, good, V.good, V.good, 2,8, 2,5, 2,5
GP, M, 17, 3, 3, health, other, home, 1, 1, 0, no, yes, no, no, yes, yes, 4, 5, 0, 14, 15, 15, good, V.good, V.good, 2,8, 2,5, 2,5
GP, F, 19, 4, 4, health, other, reputation, 2, 2, 0, no, yes, no, yes, yes, yes, 3, 2, 2, 14, 13, 13, good, pass, pass, 2,8, 3,1, 3,1
GP, F, 18, 4, 3, other, other, home, 2, 2, 0, no, yes, no, no, yes, yes, 4, 2, 0, 13, 14, 14, pass, good, good, 3,1, 2,8, 2,8
GP, F, 18, 4, 3, other, other, reputation, 1, 4, 0, no, yes, no, no, yes, yes, 3, 3, 0, 16, 17, 17, V.good, V.good, V.good, 2,2, 1,9, 1,9
GP, M, 18, 4, 4, teacher, teacher, home, 1, 1, 0, no, yes, no, no, yes, yes, 4, 1, 0, 18, 18, 17, excellent, excellent, V.good, 1,6, 1,6, 1,9
GP, F, 18, 4, 4, health, other, home, 1, 2, 0, no, yes, yes, no, yes, yes, 2, 4, 0, 14, 15, 15, good, V.good, V.good, 2,8, 2,5, 2,5
GP, M, 17, 4, 4, other, teacher, home, 2, 1, 0, no, no, no, no, yes, yes, 1, 5, 0, 12, 13, 13, pass, pass, pass, 3,4, 3,1, 3,1
GP, F, 17, 4, 4, services, services, reputation, 2, 3, 0, no, yes, no, yes, yes, yes, 3, 5, 0, 7, 7, 8, fail, fail, fail, 4,9, 4,9, 4,6
GP, F, 17, 4, 2, other, other, reputation, 2, 3, 0, no, yes, no, no, yes, yes, 3, 3, 0, 16, 16, 16, V.good, V.good, V.good, 2,2, 2,2, 2,2
GP, F, 17, 3, 2, health, health, reputation, 1, 4, 0, no, yes, no, yes, yes, yes, 2, 5, 0, 18, 18, 18, excellent, excellent, excellent, 1,6, 1,6, 1,6
GP, M, 19, 2, 1, at_home, services, course, 2, 3, 1, no, no, no, yes, yes, yes, 3, 5, 0, 9, 10, 11, fail, pass, pass, 4,3, 4, 3,7
GP, M, 20, 3, 2, services, other, course, 1, 1, 2, no, no, no, yes, yes, no, 5, 5, 0, 14, 15, 15, good, V.good, V.good, 2,8, 2,5, 2,5
GP, M, 19, 3, 3, other, services, reputation, 1, 2, 0, no, no, no, yes, yes, no, 5, 5, 0, 10, 10, 11, pass, pass, pass, 4, 4, 3,7
GP, F, 18, 1, 4, other, teacher, home, 1, 2, 0, yes, yes, no, no, yes, no, 4, 5, 2, 10, 10, 11, pass, pass, pass, 4, 4, 3,7
GP, F, 18, 2, 1, services, other, course, 2, 2, 0, no, yes, no, yes, yes, yes, 3, 1, 2, 12, 12, 15, pass, pass, V.good, 3,4, 3,4, 2,5
GP, F, 17, 2, 3, other, other, course, 2, 2, 0, no, no, no, yes, yes, yes, 2, 3, 2, 11, 12, 14, pass, pass, good, 3,7, 3,4, 2,8
GP, F, 17, 4, 4, teacher, teacher, course, 1, 1, 0, no, no, no, yes, yes, yes, 4, 5, 2, 15, 16, 17, V.good, V.good, V.good, 2,5, 2,2, 1,9
GP, F, 18, 4, 3, other, other, course, 1, 3, 0, no, yes, no, yes, yes, yes, 3, 5, 2, 14, 15, 17, good, V.good, V.good, 2,8, 2,5, 1,9
GP, F, 18, 4, 3, health, services, course, 2, 1, 0, no, yes, no, no, yes, yes, 2, 1, 8, 12, 12, 15, pass, pass, V.good, 3,4, 3,4, 2,5
GP, F, 17, 3, 4, at_home, services, course, 1, 3, 0, no, yes, no, yes, yes, yes, 3, 5, 2, 15, 15, 17, V.good, V.good, V.good, 2,5, 2,5, 1,9
GP, F, 18, 3, 3, at_home, other, course, 1, 2, 0, no, yes, no, no, yes, yes, 1, 3, 8, 11, 12, 14, pass, pass, good, 3,7, 3,4, 2,8
GP, M, 19, 4, 2, health, other, course, 2, 2, 0, no, yes, no, yes, yes, yes, 4, 1, 9, 11, 10, 10, pass, pass, pass, 3,7, 4, 4
GP, F, 18, 4, 4, teacher, other, course, 1, 2, 0, no, yes, no, no, yes, yes, 4, 5, 0, 12, 11, 13, pass, pass, pass, 3,4, 3,7, 3,1
GP, F, 18, 3, 4, other, other, course, 1, 1, 0, no, yes, no, yes, yes, yes, 4, 1, 4, 11, 12, 14, pass, pass, good, 3,7, 3,4, 2,8
GP, F, 17, 4, 4, health, health, course, 1, 1, 0, no, no, no, yes, yes, yes, 3, 5, 2, 14, 15, 17, good, V.good, V.good, 2,8, 2,5, 1,9
GP, F, 17, 4, 3, services, services, course, 1, 2, 0, no, yes, no, no, yes, yes, 2, 5, 14, 15, 14, 17, V.good, good, V.good, 2,5, 2,8, 1,9
GP, F, 17, 3, 3, services, other, home, 1, 2, 0, yes, yes, no, no, yes, yes, 3, 5, 0, 12, 12, 13, pass, pass, pass, 3,4, 3,4, 3,1
GP, F, 17, 2, 1, other, other, home, 1, 2, 0, no, no, no, yes, yes, yes, 2, 2, 2, 11, 12, 14, pass, pass, good, 3,7, 3,4, 2,8
GP, M, 18, 4, 4, other, other, reputation, 1, 1, 0, no, yes, no, no, yes, yes, 2, 5, 2, 8, 9, 11, fail, fail, pass, 4,6, 4,3, 3,7
GP, F, 19, 1, 1, other, other, course, 3, 3, 0, no, no, no, yes, no, no, 5, 5, 12, 10, 10, 11, pass, pass, pass, 4, 4, 3,7
GP, F, 19, 1, 1, other, other, course, 3, 2, 2, no, yes, no, no, yes, yes, 3, 4, 2, 8, 8, 9, fail, fail, fail, 4,6, 4,6, 4,3
GP, F, 18, 2, 2, other, other, course, 1, 1, 0, no, yes, no, yes, yes, yes, 3, 5, 2, 10, 10, 10, pass, pass, pass, 4, 4, 4
GP, F, 17, 2, 2, other, other, course, 1, 2, 0, no, yes, no, no, yes, no, 2, 3, 4, 14, 13, 13, good, pass, pass, 2,8, 3,1, 3,1
GP, F, 17, 2, 2, services, services, course, 1, 3, 0, no, yes, no, yes, yes, yes, 3, 3, 0, 11, 11, 10, pass, pass, pass, 3,7, 3,7, 4
GP, F, 17, 3, 1, services, services, course, 1, 3, 0, no, yes, no, no, yes, yes, 4, 5, 0, 17, 18, 17, V.good, excellent, V.good, 1,9, 1,6, 1,9
GP, F, 17, 0, 2, at_home, at_home, home, 2, 3, 0, no, no, no, no, yes, yes, 3, 2, 0, 14, 14, 15, good, good, V.good, 2,8, 2,8, 2,5
GP, F, 18, 1, 1, other, other, home, 2, 3, 0, no, no, no, yes, yes, yes, 5, 2, 0, 14, 14, 14, good, good, good, 2,8, 2,8, 2,8
GP, M, 18, 4, 4, other, other, course, 1, 3, 0, no, no, no, yes, yes, yes, 3, 3, 0, 13, 14, 13, pass, good, pass, 3,1, 2,8, 3,1
GP, M, 17, 3, 3, other, services, reputation, 1, 1, 0, no, no, no, yes, yes, yes, 3, 5, 0, 17, 18, 17, V.good, excellent, V.good, 1,9, 1,6, 1,9
GP, M, 17, 2, 2, services, other, course, 4, 1, 0, no, yes, no, no, yes, yes, 4, 4, 2, 11, 10, 10, pass, pass, pass, 3,7, 4, 4
GP, F, 17, 4, 4, teacher, services, course, 1, 3, 0, no, yes, no, yes, yes, yes, 4, 4, 0, 13, 12, 13, pass, pass, pass, 3,1, 3,4, 3,1
GP, F, 17, 4, 4, teacher, teacher, course, 2, 3, 0, no, yes, no, no, yes, yes, 3, 4, 4, 15, 14, 15, V.good, good, V.good, 2,5, 2,8, 2,5
GP, F, 17, 3, 3, at_home, other, course, 1, 1, 0, no, yes, yes, yes, yes, yes, 2, 5, 2, 11, 12, 11, pass, pass, pass, 3,7, 3,4, 3,7
GP, M, 18, 2, 2, other, other, course, 1, 4, 0, no, yes, yes, yes, yes, yes, 5, 5, 0, 11, 11, 12, pass, pass, pass, 3,7, 3,7, 3,4
GP, M, 19, 3, 2, at_home, services, home, 1, 1, 0, no, yes, no, no, yes, no, 3, 5, 0, 11, 10, 10, pass, pass, pass, 3,7, 4, 4
GP, F, 18, 2, 2, at_home, other, course, 4, 2, 0, no, no, no, yes, yes, no, 2, 2, 2, 10, 9, 10, pass, fail, pass, 4, 4,3, 4
GP, F, 17, 2, 4, at_home, other, course, 1, 3, 0, no, yes, no, no, yes, yes, 4, 5, 0, 15, 15, 15, V.good, V.good, V.good, 2,5, 2,5, 2,5
GP, M, 18, 2, 2, other, other, reputation, 1, 1, 0, no, no, no, no, yes, yes, 4, 5, 6, 15, 14, 15, V.good, good, V.good, 2,5, 2,8, 2,5
GP, F, 18, 3, 3, services, services, home, 1, 2, 0, no, no, no, yes, yes, yes, 3, 4, 8, 10, 11, 12, pass, pass, pass, 4, 3,7, 3,4
GP, F, 18, 2, 2, other, other, home, 1, 2, 0, no, no, no, yes, yes, yes, 3, 2, 0, 10, 9, 12, pass, fail, pass, 4, 4,3, 3,4
GP, F, 18, 2, 2, at_home, other, course, 2, 4, 0, no, no, no, yes, yes, no, 4, 4, 6, 14, 13, 14, good, pass, good, 2,8, 3,1, 2,8
GP, F, 17, 3, 4, services, other, course, 1, 3, 0, no, no, no, no, yes, yes, 4, 5, 8, 11, 13, 14, pass, pass, good, 3,7, 3,1, 2,8
GP, F, 17, 3, 2, other, other, home, 1, 2, 0, no, yes, no, no, yes, yes, 3, 2, 0, 12, 13, 15, pass, pass, V.good, 3,4, 3,1, 2,5
GP, F, 18, 3, 3, services, services, home, 1, 4, 0, no, yes, no, no, yes, yes, 3, 1, 4, 14, 14, 15, good, good, V.good, 2,8, 2,8, 2,5
GP, F, 17, 3, 2, other, other, home, 1, 2, 0, no, yes, no, no, yes, yes, 3, 2, 0, 14, 14, 16, good, good, V.good, 2,8, 2,8, 2,2
GP, M, 18, 4, 4, teacher, services, home, 1, 2, 0, no, yes, no, yes, yes, yes, 3, 2, 0, 12, 12, 13, pass, pass, pass, 3,4, 3,4, 3,1
GP, M, 18, 3, 4, services, other, home, 1, 2, 0, no, no, no, yes, yes, yes, 3, 5, 6, 16, 16, 17, V.good, V.good, V.good, 2,2, 2,2, 1,9
GP, F, 17, 2, 2, at_home, at_home, home, 1, 2, 0, no, yes, no, no, yes, yes, 3, 4, 18, 10, 12, 14, pass, pass, good, 4, 3,4, 2,8
GP, F, 18, 2, 3, at_home, other, course, 1, 3, 0, no, yes, no, no, yes, yes, 3, 3, 0, 11, 12, 14, pass, pass, good, 3,7, 3,4, 2,8
GP, F, 18, 3, 2, other, services, other, 1, 3, 0, no, no, no, no, yes, yes, 4, 1, 4, 14, 16, 17, good, V.good, V.good, 2,8, 2,2, 1,9
GP, M, 18, 4, 3, teacher, services, course, 1, 3, 0, no, no, no, no, yes, yes, 3, 4, 4, 15, 14, 17, V.good, good, V.good, 2,5, 2,8, 1,9
GP, M, 18, 4, 3, teacher, other, course, 1, 3, 0, no, yes, no, no, yes, yes, 4, 5, 0, 14, 13, 14, good, pass, good, 2,8, 3,1, 2,8
GP, F, 17, 4, 3, health, other, reputation, 1, 3, 0, no, yes, no, yes, yes, yes, 4, 4, 0, 11, 12, 13, pass, pass, pass, 3,7, 3,4, 3,1
GP, F, 17, 2, 1, services, other, course, 2, 2, 0, no, yes, no, yes, yes, yes, 3, 1, 10, 12, 15, 15, pass, V.good, V.good, 3,4, 2,5, 2,5
GP, F, 17, 2, 1, services, other, reputation, 1, 2, 0, no, yes, no, yes, yes, yes, 3, 4, 4, 12, 16, 16, pass, V.good, V.good, 3,4, 2,2, 2,2
GP, F, 19, 2, 3, at_home, other, home, 2, 1, 1, no, no, no, no, no, yes, 2, 5, 16, 10, 11, 11, pass, pass, pass, 4, 3,7, 3,7
GP, F, 17, 3, 1, other, at_home, home, 1, 1, 1, no, yes, yes, no, yes, yes, 1, 3, 6, 10, 13, 13, pass, pass, pass, 4, 3,1, 3,1
GP, F, 21, 4, 4, other, other, reputation, 1, 3, 2, no, no, yes, yes, yes, yes, 3, 5, 0, 9, 12, 12, fail, pass, pass, 4,3, 3,4, 3,4
GP, M, 18, 2, 2, services, services, reputation, 1, 2, 0, no, yes, no, yes, no, yes, 4, 3, 11, 9, 11, 12, fail, pass, pass, 4,3, 3,7, 3,4
GP, M, 18, 3, 4, other, other, reputation, 1, 2, 0, no, no, no, yes, yes, yes, 3, 2, 9, 13, 14, 15, pass, good, V.good, 3,1, 2,8, 2,5
GP, F, 17, 2, 2, services, services, reputation, 1, 2, 0, no, yes, no, yes, yes, yes, 3, 4, 0, 13, 17, 17, pass, V.good, V.good, 3,1, 1,9, 1,9
GP, M, 17, 4, 4, health, other, reputation, 1, 3, 0, no, yes, no, no, yes, yes, 4, 4, 2, 12, 15, 15, pass, V.good, V.good, 3,4, 2,5, 2,5
GP, F, 18, 4, 2, teacher, other, course, 1, 2, 0, no, yes, no, yes, yes, yes, 2, 3, 0, 14, 17, 17, good, V.good, V.good, 2,8, 1,9, 1,9
GP, M, 21, 1, 1, at_home, other, course, 2, 2, 2, no, yes, no, yes, no, yes, 3, 4, 21, 9, 10, 10, fail, pass, pass, 4,3, 4, 4
GP, F, 20, 1, 1, other, other, reputation, 2, 3, 0, no, no, no, no, yes, yes, 2, 3, 8, 11, 15, 15, pass, V.good, V.good, 3,7, 2,5, 2,5
GP, F, 19, 4, 4, teacher, other, home, 1, 1, 1, no, yes, no, no, yes, yes, 2, 5, 5, 9, 10, 11, fail, pass, pass, 4,3, 4, 3,7
GP, M, 17, 3, 2, other, other, reputation, 1, 2, 0, no, yes, no, no, yes, yes, 4, 5, 10, 16, 18, 18, V.good, excellent, excellent, 2,2, 1,6, 1,6
GP, F, 18, 3, 2, at_home, other, reputation, 1, 3, 0, no, yes, no, no, yes, yes, 3, 2, 5, 14, 17, 17, good, V.good, V.good, 2,8, 1,9, 1,9
GP, M, 18, 2, 3, other, services, reputation, 1, 1, 0, no, no, no, no, yes, yes, 1, 4, 13, 13, 14, 14, pass, good, good, 3,1, 2,8, 2,8
GP, M, 19, 2, 1, other, other, reputation, 1, 1, 0, no, no, no, no, yes, yes, 3, 4, 10, 7, 11, 11, fail, pass, pass, 4,9, 3,7, 3,7
GP, F, 18, 2, 2, services, other, reputation, 2, 2, 0, no, yes, no, no, yes, yes, 1, 4, 10, 14, 17, 17, good, V.good, V.good, 2,8, 1,9, 1,9
GP, F, 20, 1, 0, other, other, reputation, 2, 1, 1, yes, no, no, no, yes, yes, 3, 5, 5, 8, 10, 10, fail, pass, pass, 4,6, 4, 4
GP, F, 18, 3, 2, services, other, home, 1, 2, 0, no, yes, no, yes, yes, yes, 1, 1, 4, 10, 13, 13, pass, pass, pass, 4, 3,1, 3,1
MS, F, 16, 1, 3, at_home, other, other, 2, 1, 0, no, yes, no, no, no, yes, 3, 5, 11, 10, 11, 11, pass, pass, pass, 4, 3,7, 3,7
MS, F, 16, 2, 2, other, other, course, 2, 2, 0, no, yes, no, yes, yes, yes, 4, 5, 0, 12, 12, 12, pass, pass, pass, 3,4, 3,4, 3,4
MS, F, 15, 1, 1, at_home, services, other, 1, 1, 1, no, yes, no, no, yes, no, 1, 2, 6, 10, 10, 10, pass, pass, pass, 4, 4, 4
MS, F, 15, 3, 3, at_home, other, course, 2, 1, 0, no, yes, no, no, yes, yes, 4, 5, 4, 10, 10, 11, pass, pass, pass, 4, 4, 3,7
MS, F, 16, 2, 3, at_home, services, course, 2, 2, 0, no, no, no, no, yes, no, 5, 5, 0, 16, 17, 17, V.good, V.good, V.good, 2,2, 1,9, 1,9
MS, F, 15, 2, 1, at_home, other, home, 2, 1, 0, no, no, no, no, no, no, 3, 1, 0, 6, 8, 9, fail, fail, fail, 5,2, 4,6, 4,3
MS, M, 16, 4, 4, at_home, other, home, 1, 2, 0, no, yes, no, no, yes, no, 3, 2, 5, 10, 11, 11, pass, pass, pass, 4, 3,7, 3,7
MS, M, 16, 1, 2, other, other, other, 1, 3, 0, yes, no, no, no, yes, yes, 4, 5, 0, 10, 11, 11, pass, pass, pass, 4, 3,7, 3,7
MS, F, 17, 3, 2, at_home, other, course, 1, 2, 1, no, no, no, no, yes, no, 5, 5, 0, 10, 10, 10, pass, pass, pass, 4, 4, 4
MS, F, 17, 1, 1, other, other, other, 1, 1, 1, no, yes, no, no, no, yes, 4, 5, 0, 6, 6, 7, fail, fail, fail, 5,2, 5,2, 4,9
MS, F, 15, 4, 4, teacher, other, course, 2, 1, 0, no, no, no, no, yes, yes, 5, 5, 0, 13, 14, 14, pass, good, good, 3,1, 2,8, 2,8
MS, F, 16, 2, 2, at_home, other, reputation, 2, 4, 0, no, no, no, yes, no, no, 2, 1, 4, 10, 9, 11, pass, fail, pass, 4, 4,3, 3,7
MS, F, 15, 1, 1, at_home, services, reputation, 2, 2, 0, no, yes, no, no, yes, yes, 4, 4, 0, 10, 10, 10, pass, pass, pass, 4, 4, 4
MS, F, 15, 1, 1, other, services, course, 2, 1, 1, no, yes, no, no, yes, yes, 4, 2, 4, 6, 7, 8, fail, fail, fail, 5,2, 4,9, 4,6
MS, F, 16, 0, 2, other, other, other, 2, 1, 0, no, yes, no, yes, yes, no, 2, 2, 0, 12, 11, 12, pass, pass, pass, 3,4, 3,7, 3,4
MS, F, 17, 2, 3, other, other, course, 2, 1, 0, no, yes, no, no, yes, yes, 5, 3, 2, 10, 11, 12, pass, pass, pass, 4, 3,7, 3,4
MS, F, 15, 3, 3, other, services, course, 2, 1, 0, no, no, no, no, yes, yes, 1, 4, 0, 14, 16, 16, good, V.good, V.good, 2,8, 2,2, 2,2
MS, M, 16, 1, 1, at_home, services, home, 2, 2, 0, no, yes, no, yes, yes, no, 4, 3, 0, 7, 0, 0, fail, fail, fail, 4,9, 7, 7
MS, M, 17, 1, 1, other, other, home, 1, 2, 0, no, no, yes, no, yes, yes, 4, 5, 4, 8, 9, 9, fail, fail, fail, 4,6, 4,3, 4,3
MS, M, 15, 4, 1, health, services, reputation, 1, 2, 0, no, yes, no, yes, yes, yes, 3, 2, 0, 12, 13, 14, pass, pass, good, 3,4, 3,1, 2,8
MS, M, 15, 4, 1, health, services, reputation, 1, 2, 0, no, yes, no, yes, yes, yes, 3, 2, 7, 7, 9, 8, fail, fail, fail, 4,9, 4,3, 4,6
MS, M, 16, 3, 4, other, health, other, 3, 2, 0, no, no, no, no, yes, no, 4, 5, 4, 9, 10, 11, fail, pass, pass, 4,3, 4, 3,7
MS, M, 15, 1, 1, other, other, course, 4, 2, 0, no, yes, no, yes, yes, no, 4, 4, 8, 7, 9, 9, fail, fail, fail, 4,9, 4,3, 4,3
MS, M, 15, 3, 3, at_home, at_home, reputation, 1, 2, 0, no, yes, no, yes, yes, yes, 3, 5, 0, 11, 11, 11, pass, pass, pass, 3,7, 3,7, 3,7
MS, M, 17, 2, 1, other, other, other, 3, 1, 0, no, no, no, yes, no, no, 5, 3, 8, 8, 10, 9, fail, pass, fail, 4,6, 4, 4,3
MS, F, 16, 4, 4, teacher, teacher, course, 2, 3, 0, no, no, no, yes, yes, yes, 2, 4, 6, 16, 16, 17, V.good, V.good, V.good, 2,2, 2,2, 1,9
MS, F, 15, 1, 2, other, services, course, 2, 1, 0, no, no, no, no, yes, no, 1, 1, 3, 11, 13, 13, pass, pass, pass, 3,7, 3,1, 3,1
MS, F, 16, 2, 3, other, services, course, 3, 2, 0, no, yes, no, no, yes, yes, 5, 1, 2, 15, 15, 15, V.good, V.good, V.good, 2,5, 2,5, 2,5
MS, M, 16, 1, 2, other, other, course, 2, 2, 0, no, no, no, no, yes, no, 3, 5, 0, 10, 11, 11, pass, pass, pass, 4, 3,7, 3,7
MS, F, 16, 2, 2, other, other, course, 3, 2, 0, no, yes, no, no, yes, yes, 4, 4, 4, 9, 10, 11, fail, pass, pass, 4,3, 4, 3,7
MS, F, 16, 1, 2, other, services, course, 1, 3, 1, no, yes, no, no, yes, no, 3, 4, 0, 10, 8, 8, pass, fail, fail, 4, 4,6, 4,6
MS, F, 16, 1, 2, other, services, course, 1, 3, 1, no, yes, no, no, yes, no, 3, 4, 3, 9, 8, 8, fail, fail, fail, 4,3, 4,6, 4,6
MS, F, 15, 2, 1, at_home, other, home, 1, 2, 0, yes, yes, no, no, yes, yes, 4, 2, 0, 9, 10, 9, fail, pass, fail, 4,3, 4, 4,3
MS, F, 16, 1, 1, at_home, other, course, 1, 2, 0, no, yes, no, no, yes, no, 4, 2, 0, 13, 14, 15, pass, good, V.good, 3,1, 2,8, 2,5
MS, M, 17, 1, 2, at_home, services, reputation, 1, 1, 0, no, yes, no, yes, yes, yes, 5, 3, 4, 10, 11, 11, pass, pass, pass, 4, 3,7, 3,7
MS, F, 16, 1, 1, other, other, home, 4, 4, 0, no, yes, no, no, yes, yes, 3, 1, 0, 13, 10, 13, pass, pass, pass, 3,1, 4, 3,1
MS, F, 16, 1, 1, at_home, other, other, 4, 3, 0, yes, yes, no, no, yes, no, 4, 5, 2, 10, 9, 10, pass, fail, pass, 4, 4,3, 4
MS, F, 15, 1, 1, at_home, other, home, 2, 2, 0, no, yes, no, yes, yes, yes, 3, 2, 1, 11, 10, 11, pass, pass, pass, 3,7, 4, 3,7
MS, F, 16, 1, 1, at_home, other, other, 2, 1, 0, no, no, no, yes, yes, yes, 2, 2, 0, 13, 12, 14, pass, pass, good, 3,1, 3,4, 2,8
MS, F, 15, 1, 1, at_home, at_home, course, 3, 2, 0, no, yes, no, no, yes, no, 2, 2, 0, 13, 14, 14, pass, good, good, 3,1, 2,8, 2,8
MS, F, 15, 2, 2, other, other, other, 1, 3, 0, yes, yes, no, no, yes, no, 4, 5, 2, 14, 11, 12, good, pass, pass, 2,8, 3,7, 3,4
MS, M, 16, 1, 1, at_home, other, other, 2, 1, 0, no, no, no, yes, yes, no, 4, 5, 6, 11, 11, 11, pass, pass, pass, 3,7, 3,7, 3,7
MS, F, 18, 1, 2, other, other, course, 1, 2, 1, no, yes, no, yes, yes, yes, 4, 5, 9, 9, 8, 8, fail, fail, fail, 4,3, 4,6, 4,6
MS, M, 15, 3, 1, other, services, home, 2, 1, 0, no, yes, no, no, yes, no, 2, 4, 0, 10, 9, 11, pass, fail, pass, 4, 4,3, 3,7
MS, F, 16, 2, 2, other, services, course, 3, 2, 0, no, yes, no, yes, yes, yes, 3, 2, 1, 14, 13, 14, good, pass, good, 2,8, 3,1, 2,8
MS, M, 15, 2, 2, health, other, reputation, 3, 1, 0, no, no, no, no, yes, no, 3, 4, 1, 13, 12, 13, pass, pass, pass, 3,1, 3,4, 3,1
MS, M, 16, 4, 4, other, teacher, course, 1, 2, 0, no, yes, no, yes, yes, no, 3, 3, 0, 13, 12, 13, pass, pass, pass, 3,1, 3,4, 3,1
MS, F, 15, 3, 3, services, other, reputation, 1, 2, 0, no, yes, no, no, yes, yes, 5, 1, 4, 13, 12, 12, pass, pass, pass, 3,1, 3,4, 3,4
MS, F, 16, 2, 2, at_home, other, course, 2, 2, 1, no, yes, no, yes, yes, no, 4, 5, 2, 12, 11, 12, pass, pass, pass, 3,4, 3,7, 3,4
MS, F, 16, 2, 2, other, other, home, 3, 1, 0, no, yes, no, yes, yes, no, 3, 4, 0, 14, 14, 16, good, good, V.good, 2,8, 2,8, 2,2
MS, M, 16, 2, 1, at_home, services, course, 2, 1, 0, no, yes, no, yes, yes, yes, 4, 4, 4, 10, 8, 10, pass, fail, pass, 4, 4,6, 4
MS, M, 15, 1, 3, at_home, other, reputation, 3, 1, 0, no, yes, no, yes, yes, yes, 2, 3, 2, 10, 11, 11, pass, pass, pass, 4, 3,7, 3,7
MS, F, 15, 2, 2, other, services, course, 2, 3, 0, no, yes, no, yes, yes, no, 3, 4, 0, 12, 13, 14, pass, pass, good, 3,4, 3,1, 2,8
MS, F, 16, 2, 1, other, other, home, 1, 1, 0, no, yes, no, no, yes, yes, 4, 5, 2, 10, 8, 8, pass, fail, fail, 4, 4,6, 4,6
MS, M, 15, 3, 3, services, services, course, 2, 1, 0, no, yes, no, yes, yes, yes, 3, 3, 11, 12, 10, 11, pass, pass, pass, 3,4, 4, 3,7
MS, F, 16, 1, 1, at_home, other, course, 2, 2, 3, yes, yes, no, no, yes, no, 4, 1, 0, 7, 7, 8, fail, fail, fail, 4,9, 4,9, 4,6
MS, F, 17, 2, 2, other, at_home, course, 1, 1, 0, no, yes, no, yes, no, no, 5, 5, 4, 9, 9, 10, fail, fail, pass, 4,3, 4,3, 4
MS, F, 19, 2, 3, at_home, services, course, 1, 1, 1, no, no, no, no, no, yes, 4, 2, 0, 9, 9, 10, fail, fail, pass, 4,3, 4,3, 4
MS, F, 17, 2, 1, at_home, other, course, 3, 1, 0, no, yes, no, yes, no, no, 5, 3, 2, 9, 10, 11, fail, pass, pass, 4,3, 4, 3,7
MS, F, 15, 1, 1, at_home, other, course, 2, 1, 0, no, yes, no, no, no, no, 2, 4, 0, 9, 10, 9, fail, pass, fail, 4,3, 4, 4,3
MS, F, 16, 2, 2, other, other, course, 3, 2, 0, no, yes, no, no, no, yes, 4, 1, 1, 9, 10, 11, fail, pass, pass, 4,3, 4, 3,7
MS, F, 16, 2, 2, other, other, home, 1, 1, 0, no, yes, no, no, no, no, 3, 1, 6, 7, 7, 8, fail, fail, fail, 4,9, 4,9, 4,6
MS, F, 17, 2, 2, at_home, other, course, 2, 2, 0, no, yes, no, no, yes, yes, 3, 4, 0, 11, 10, 11, pass, pass, pass, 3,7, 4, 3,7
MS, F, 16, 2, 2, other, services, course, 1, 1, 1, no, yes, yes, yes, yes, yes, 4, 3, 1, 9, 10, 10, fail, pass, pass, 4,3, 4, 4
MS, F, 18, 3, 2, other, other, course, 2, 3, 2, no, yes, no, no, no, no, 3, 2, 6, 7, 9, 10, fail, fail, pass, 4,9, 4,3, 4
MS, F, 19, 1, 1, at_home, services, course, 1, 3, 1, no, no, no, yes, no, no, 3, 3, 6, 7, 9, 9, fail, fail, fail, 4,9, 4,3, 4,3
MS, M, 18, 1, 1, other, other, home, 2, 1, 1, no, no, no, yes, no, yes, 4, 4, 0, 8, 9, 10, fail, fail, pass, 4,6, 4,3, 4
MS, F, 18, 1, 1, at_home, at_home, course, 2, 1, 1, no, no, no, no, no, yes, 2, 2, 4, 9, 11, 10, fail, pass, pass, 4,3, 3,7, 4
MS, F, 19, 1, 1, other, other, course, 2, 2, 1, no, yes, no, no, yes, yes, 1, 1, 12, 7, 8, 9, fail, fail, fail, 4,9, 4,6, 4,3
MS, F, 16, 2, 2, health, other, course, 1, 2, 0, no, no, no, no, yes, no, 3, 3, 2, 8, 10, 10, fail, pass, pass, 4,6, 4, 4
MS, F, 17, 0, 1, other, at_home, course, 2, 1, 0, no, no, no, yes, yes, no, 4, 5, 5, 9, 9, 10, fail, fail, pass, 4,3, 4,3, 4
MS, F, 16, 1, 2, at_home, other, course, 1, 2, 0, no, no, no, yes, no, yes, 4, 3, 0, 8, 9, 9, fail, fail, fail, 4,6, 4,3, 4,3
MS, F, 16, 3, 3, other, other, reputation, 1, 1, 0, no, no, no, yes, no, yes, 5, 4, 0, 14, 13, 13, good, pass, pass, 2,8, 3,1, 3,1
MS, F, 16, 1, 1, services, services, home, 1, 1, 0, no, yes, no, yes, yes, yes, 4, 4, 2, 14, 14, 14, good, good, good, 2,8, 2,8, 2,8
MS, M, 17, 3, 3, services, at_home, course, 2, 4, 1, no, yes, yes, yes, yes, no, 4, 5, 0, 10, 11, 10, pass, pass, pass, 4, 3,7, 4
MS, F, 16, 2, 1, other, services, course, 1, 2, 0, no, yes, no, yes, yes, yes, 3, 1, 0, 14, 13, 14, good, pass, good, 2,8, 3,1, 2,8
MS, F, 16, 2, 2, services, other, course, 1, 1, 0, no, yes, yes, yes, yes, no, 2, 5, 0, 17, 16, 16, V.good, V.good, V.good, 1,9, 2,2, 2,2
MS, M, 17, 1, 2, other, other, course, 1, 1, 1, no, yes, no, yes, no, yes, 3, 1, 12, 6, 7, 7, fail, fail, fail, 5,2, 4,9, 4,9
MS, M, 16, 4, 3, other, other, course, 1, 1, 0, no, no, no, yes, yes, yes, 2, 5, 8, 14, 12, 13, good, pass, pass, 2,8, 3,4, 3,1
MS, M, 17, 2, 2, services, services, other, 3, 4, 1, no, yes, no, no, yes, no, 3, 3, 2, 10, 8, 9, pass, fail, fail, 4, 4,6, 4,3
MS, F, 16, 1, 1, other, other, course, 1, 4, 0, yes, yes, no, yes, yes, yes, 2, 5, 0, 14, 14, 14, good, good, good, 2,8, 2,8, 2,8
MS, F, 19, 2, 2, other, other, home, 1, 3, 0, no, no, no, no, yes, yes, 4, 1, 0, 12, 13, 13, pass, pass, pass, 3,4, 3,1, 3,1
MS, F, 17, 1, 1, at_home, other, reputation, 2, 1, 0, no, yes, no, yes, yes, yes, 4, 5, 0, 11, 11, 11, pass, pass, pass, 3,7, 3,7, 3,7
MS, F, 20, 3, 3, at_home, services, other, 2, 2, 1, no, no, no, yes, yes, yes, 3, 3, 8, 11, 9, 10, pass, fail, pass, 3,7, 4,3, 4
MS, F, 17, 1, 1, other, services, course, 1, 3, 0, no, yes, no, no, yes, no, 3, 3, 0, 11, 11, 10, pass, pass, pass, 3,7, 3,7, 4
MS, M, 17, 2, 2, other, other, course, 3, 1, 1, no, yes, no, no, yes, yes, 4, 5, 0, 10, 9, 9, pass, fail, fail, 4, 4,3, 4,3
MS, F, 16, 1, 1, at_home, other, course, 3, 2, 0, no, yes, no, no, yes, no, 3, 1, 0, 16, 17, 18, V.good, V.good, excellent, 2,2, 1,9, 1,6
MS, F, 17, 2, 2, other, other, reputation, 2, 2, 0, no, yes, no, yes, yes, no, 3, 1, 0, 15, 17, 17, V.good, V.good, V.good, 2,5, 1,9, 1,9
MS, F, 17, 1, 0, other, other, other, 2, 2, 0, no, no, no, no, yes, yes, 4, 4, 1, 11, 9, 10, pass, fail, pass, 3,7, 4,3, 4
MS, F, 18, 1, 1, at_home, other, other, 1, 2, 1, no, yes, no, no, yes, yes, 3, 5, 9, 7, 7, 7, fail, fail, fail, 4,9, 4,9, 4,9
MS, F, 16, 3, 1, other, other, course, 1, 1, 0, no, no, no, yes, yes, yes, 1, 1, 0, 8, 6, 8, fail, fail, fail, 4,6, 5,2, 4,6
MS, F, 16, 3, 2, services, at_home, course, 1, 1, 0, no, no, no, no, yes, yes, 1, 3, 2, 7, 6, 7, fail, fail, fail, 4,9, 5,2, 4,9
MS, F, 18, 1, 1, other, at_home, reputation, 2, 2, 0, yes, no, no, no, yes, no, 3, 3, 8, 9, 8, 10, fail, fail, pass, 4,3, 4,6, 4
MS, F, 16, 4, 4, health, teacher, reputation, 1, 2, 0, no, no, no, yes, yes, yes, 3, 2, 0, 14, 16, 16, good, V.good, V.good, 2,8, 2,2, 2,2
MS, F, 16, 1, 2, other, other, reputation, 2, 1, 0, no, no, no, yes, yes, yes, 4, 2, 0, 14, 14, 15, good, good, V.good, 2,8, 2,8, 2,5
MS, F, 18, 2, 4, other, services, reputation, 1, 2, 1, no, yes, no, no, yes, yes, 3, 1, 8, 8, 5, 8, fail, fail, fail, 4,6, 5,5, 4,6
MS, M, 16, 2, 1, other, services, reputation, 2, 2, 0, no, no, no, yes, yes, yes, 2, 2, 0, 8, 7, 0, fail, fail, fail, 4,6, 4,9, 7
MS, F, 16, 1, 1, at_home, other, other, 3, 2, 0, no, yes, no, no, yes, yes, 3, 5, 6, 6, 8, 8, fail, fail, fail, 5,2, 4,6, 4,6
MS, F, 16, 2, 3, at_home, services, other, 2, 2, 0, no, yes, no, yes, yes, yes, 3, 2, 0, 8, 10, 10, fail, pass, pass, 4,6, 4, 4
MS, F, 16, 4, 4, health, health, course, 1, 2, 0, no, yes, no, no, yes, yes, 3, 3, 4, 8, 8, 8, fail, fail, fail, 4,6, 4,6, 4,6
MS, M, 18, 4, 4, at_home, health, home, 1, 4, 0, no, yes, no, yes, no, yes, 5, 5, 2, 5, 6, 6, fail, fail, fail, 5,5, 5,2, 5,2
MS, F, 16, 3, 4, at_home, other, other, 3, 2, 0, no, yes, no, no, yes, no, 2, 2, 2, 7, 9, 8, fail, fail, fail, 4,9, 4,3, 4,6
MS, M, 17, 4, 4, other, services, home, 1, 3, 0, no, yes, no, no, yes, yes, 4, 5, 0, 15, 14, 16, V.good, good, V.good, 2,5, 2,8, 2,2
MS, F, 17, 4, 1, other, other, other, 1, 1, 0, no, no, no, no, yes, yes, 2, 5, 1, 13, 14, 14, pass, good, good, 3,1, 2,8, 2,8
MS, M, 16, 2, 2, services, services, other, 4, 3, 0, no, no, no, no, yes, no, 1, 3, 0, 10, 9, 10, pass, fail, pass, 4, 4,3, 4
MS, F, 17, 2, 2, at_home, other, other, 1, 1, 0, no, yes, yes, no, yes, yes, 1, 5, 5, 9, 9, 9, fail, fail, fail, 4,3, 4,3, 4,3
MS, F, 16, 4, 4, services, services, other, 2, 1, 0, no, yes, no, no, yes, no, 1, 5, 1, 11, 11, 11, pass, pass, pass, 3,7, 3,7, 3,7
MS, M, 17, 3, 3, services, services, home, 1, 1, 0, no, yes, no, yes, yes, yes, 1, 3, 8, 7, 10, 9, fail, pass, fail, 4,9, 4, 4,3
MS, M, 17, 1, 1, at_home, services, other, 3, 2, 0, no, no, no, no, yes, yes, 1, 1, 0, 10, 10, 10, pass, pass, pass, 4, 4, 4
MS, M, 16, 2, 1, health, services, other, 2, 2, 0, no, no, no, no, yes, yes, 2, 5, 2, 9, 7, 8, fail, fail, fail, 4,3, 4,9, 4,6
MS, F, 16, 2, 1, other, services, other, 1, 2, 0, no, no, no, no, yes, yes, 2, 3, 0, 14, 15, 16, good, V.good, V.good, 2,8, 2,5, 2,2
MS, M, 16, 4, 4, teacher, health, other, 1, 1, 0, no, yes, no, no, yes, yes, 1, 5, 0, 11, 12, 12, pass, pass, pass, 3,7, 3,4, 3,4
MS, M, 15, 1, 2, other, services, course, 3, 2, 0, no, yes, no, yes, yes, no, 5, 5, 11, 9, 11, 10, fail, pass, pass, 4,3, 3,7, 4
MS, M, 15, 2, 2, other, other, reputation, 3, 4, 0, no, yes, no, yes, yes, no, 4, 5, 8, 13, 14, 14, pass, good, good, 3,1, 2,8, 2,8
MS, M, 15, 2, 1, services, services, course, 1, 1, 0, no, no, no, yes, yes, yes, 3, 5, 11, 12, 13, 12, pass, pass, pass, 3,4, 3,1, 3,4
MS, F, 16, 2, 2, other, other, course, 1, 3, 0, no, yes, no, no, yes, no, 3, 5, 2, 11, 11, 11, pass, pass, pass, 3,7, 3,7, 3,7
MS, F, 16, 4, 1, other, other, home, 2, 2, 0, no, yes, no, yes, yes, yes, 2, 1, 8, 9, 10, 10, fail, pass, pass, 4,3, 4, 4
MS, F, 17, 3, 2, at_home, other, home, 2, 1, 0, no, no, no, no, yes, no, 3, 1, 5, 9, 11, 11, fail, pass, pass, 4,3, 3,7, 3,7
MS, F, 17, 2, 2, other, other, other, 2, 2, 0, yes, no, yes, no, yes, no, 1, 5, 0, 11, 9, 11, pass, fail, pass, 3,7, 4,3, 3,7
MS, F, 16, 4, 4, teacher, services, course, 2, 3, 0, no, yes, no, no, yes, yes, 3, 5, 1, 10, 11, 12, pass, pass, pass, 4, 3,7, 3,4
MS, M, 17, 4, 4, health, other, course, 3, 1, 3, no, no, no, yes, yes, yes, 3, 5, 2, 9, 9, 8, fail, fail, fail, 4,3, 4,3, 4,6
MS, M, 17, 1, 3, other, other, course, 2, 1, 0, no, no, no, yes, yes, no, 1, 5, 2, 12, 11, 12, pass, pass, pass, 3,4, 3,7, 3,4
MS, M, 17, 3, 4, services, other, other, 1, 2, 1, no, yes, no, yes, yes, yes, 4, 5, 8, 8, 9, 8, fail, fail, fail, 4,6, 4,3, 4,6
MS, F, 17, 4, 4, health, health, course, 1, 2, 0, no, yes, no, no, yes, yes, 2, 5, 0, 13, 15, 16, pass, V.good, V.good, 3,1, 2,5, 2,2
MS, M, 16, 4, 1, other, at_home, other, 1, 1, 0, no, no, no, no, yes, yes, 1, 2, 0, 10, 11, 11, pass, pass, pass, 4, 3,7, 3,7
MS, F, 17, 1, 1, at_home, at_home, other, 1, 2, 0, no, no, no, yes, yes, yes, 5, 3, 2, 11, 10, 11, pass, pass, pass, 3,7, 4, 3,7
MS, F, 17, 4, 2, other, other, course, 2, 2, 0, yes, yes, no, no, yes, yes, 3, 5, 0, 17, 18, 18, V.good, excellent, excellent, 1,9, 1,6, 1,6
MS, M, 16, 2, 2, other, services, course, 2, 2, 0, no, yes, no, no, yes, yes, 1, 5, 0, 12, 13, 13, pass, pass, pass, 3,4, 3,1, 3,1
MS, M, 17, 3, 2, other, other, other, 2, 2, 0, no, yes, yes, no, yes, yes, 1, 1, 0, 13, 14, 13, pass, good, pass, 3,1, 2,8, 3,1
MS, M, 19, 1, 1, other, other, other, 1, 2, 2, no, yes, no, yes, no, yes, 4, 4, 2, 9, 9, 10, fail, fail, pass, 4,3, 4,3, 4
MS, M, 17, 1, 0, other, other, home, 1, 1, 0, no, no, no, no, yes, no, 1, 5, 4, 11, 11, 12, pass, pass, pass, 3,7, 3,7, 3,4
MS, F, 17, 1, 1, at_home, at_home, course, 2, 1, 0, no, yes, no, yes, no, yes, 5, 4, 3, 10, 11, 10, pass, pass, pass, 4, 3,7, 4
MS, F, 16, 1, 2, other, other, home, 1, 3, 0, yes, yes, no, no, yes, yes, 3, 3, 5, 13, 14, 13, pass, good, pass, 3,1, 2,8, 3,1
MS, M, 16, 1, 2, other, at_home, course, 1, 1, 0, no, no, no, no, yes, no, 4, 5, 4, 9, 10, 11, fail, pass, pass, 4,3, 4, 3,7
MS, F, 17, 3, 1, other, other, course, 2, 2, 3, no, yes, no, yes, yes, yes, 4, 5, 2, 7, 9, 10, fail, fail, pass, 4,9, 4,3, 4
MS, M, 17, 2, 2, other, other, course, 2, 1, 0, no, no, no, yes, no, no, 5, 5, 0, 8, 13, 10, fail, pass, pass, 4,6, 3,1, 4
MS, M, 18, 1, 0, at_home, at_home, course, 3, 1, 1, yes, yes, no, no, yes, no, 3, 4, 0, 12, 12, 13, pass, pass, pass, 3,4, 3,4, 3,1
MS, M, 17, 1, 1, other, services, course, 2, 1, 0, no, yes, no, yes, yes, yes, 5, 2, 0, 10, 9, 10, pass, fail, pass, 4, 4,3, 4
MS, M, 18, 1, 1, at_home, at_home, course, 2, 2, 0, no, yes, no, yes, yes, no, 3, 5, 6, 10, 9, 10, pass, fail, pass, 4, 4,3, 4
MS, F, 16, 2, 2, other, services, course, 1, 2, 0, no, no, no, yes, yes, no, 4, 1, 0, 11, 13, 12, pass, pass, pass, 3,7, 3,1, 3,4
MS, M, 17, 2, 2, other, other, course, 1, 1, 1, no, no, no, yes, yes, no, 2, 5, 0, 7, 0, 0, fail, fail, fail, 4,9, 7, 7
MS, M, 16, 3, 2, services, other, course, 2, 1, 0, no, no, no, no, yes, yes, 5, 5, 2, 11, 9, 10, pass, fail, pass, 3,7, 4,3, 4
MS, M, 16, 1, 1, at_home, other, course, 2, 1, 0, no, no, no, yes, yes, yes, 5, 5, 0, 10, 10, 9, pass, pass, fail, 4, 4, 4,3
MS, M, 18, 1, 1, services, other, course, 2, 1, 1, no, yes, no, no, no, yes, 3, 5, 2, 9, 7, 9, fail, fail, fail, 4,3, 4,9, 4,3
MS, M, 18, 3, 2, services, other, course, 1, 1, 1, no, no, no, no, no, yes, 3, 5, 0, 4, 0, 0, fail, fail, fail, 5,8, 7, 7
MS, M, 19, 3, 2, at_home, services, course, 2, 1, 3, no, no, no, yes, yes, no, 2, 3, 4, 6, 11, 9, fail, pass, fail, 5,2, 3,7, 4,3
MS, M, 18, 3, 3, at_home, at_home, course, 1, 2, 2, no, yes, no, yes, no, yes, 4, 3, 9, 4, 8, 8, fail, fail, fail, 5,8, 4,6, 4,6
MS, M, 16, 2, 2, services, services, course, 2, 1, 0, no, yes, no, yes, yes, yes, 4, 4, 6, 7, 8, 8, fail, fail, fail, 4,9, 4,6, 4,6
MS, M, 19, 2, 1, at_home, other, course, 2, 1, 3, no, no, no, yes, no, yes, 4, 5, 4, 8, 9, 9, fail, fail, fail, 4,6, 4,3, 4,3
MS, F, 16, 3, 2, services, at_home, course, 2, 2, 2, no, yes, no, yes, yes, no, 5, 1, 8, 5, 5, 7, fail, fail, fail, 5,5, 5,5, 4,9
MS, F, 17, 1, 1, other, at_home, course, 1, 1, 0, no, yes, no, yes, yes, no, 3, 5, 9, 7, 9, 10, fail, fail, pass, 4,9, 4,3, 4
MS, M, 20, 1, 1, other, other, course, 2, 1, 1, no, yes, no, no, no, yes, 4, 4, 12, 8, 11, 10, fail, pass, pass, 4,6, 3,7, 4
MS, F, 18, 4, 3, services, services, course, 1, 1, 0, no, yes, no, no, yes, yes, 4, 2, 8, 10, 11, 10, pass, pass, pass, 4, 3,7, 4
MS, M, 18, 3, 2, other, other, course, 2, 1, 0, no, yes, no, no, yes, yes, 5, 5, 8, 9, 10, 11, fail, pass, pass, 4,3, 4, 3,7
MS, M, 19, 1, 1, other, services, home, 3, 2, 1, no, no, no, no, yes, yes, 4, 2, 8, 10, 9, 11, pass, fail, pass, 4, 4,3, 3,7
MS, M, 17, 3, 3, health, other, course, 2, 2, 1, no, yes, no, no, yes, yes, 5, 3, 4, 8, 9, 10, fail, fail, pass, 4,6, 4,3, 4
MS, M, 18, 1, 3, at_home, services, course, 1, 1, 0, no, no, no, no, no, yes, 3, 3, 0, 9, 10, 9, fail, pass, fail, 4,3, 4, 4,3
MS, M, 19, 1, 1, other, other, home, 3, 1, 1, no, yes, no, no, yes, yes, 4, 5, 4, 8, 9, 10, fail, fail, pass, 4,6, 4,3, 4
MS, F, 18, 1, 2, at_home, other, course, 2, 2, 2, no, yes, no, no, yes, no, 3, 5, 2, 6, 8, 8, fail, fail, fail, 5,2, 4,6, 4,6
MS, F, 19, 1, 1, at_home, other, course, 1, 1, 0, no, yes, no, no, no, no, 4, 5, 0, 6, 8, 7, fail, fail, fail, 5,2, 4,6, 4,9
MS, F, 18, 2, 2, other, other, other, 2, 1, 1, no, no, no, no, no, yes, 5, 3, 0, 8, 6, 0, fail, fail, fail, 4,6, 5,2, 7
MS, F, 17, 0, 0, at_home, other, course, 2, 1, 0, no, yes, no, no, yes, yes, 4, 5, 0, 10, 11, 11, pass, pass, pass, 4, 3,7, 3,7
MS, F, 17, 3, 1, other, at_home, course, 2, 3, 0, no, yes, yes, no, no, no, 2, 3, 5, 8, 7, 8, fail, fail, fail, 4,6, 4,9, 4,6
MS, F, 17, 4, 2, teacher, services, home, 1, 2, 0, yes, yes, no, yes, yes, yes, 5, 5, 0, 8, 8, 0, fail, fail, fail, 4,6, 4,6, 7
MS, F, 18, 2, 2, services, services, course, 1, 2, 1, no, yes, no, yes, yes, yes, 3, 4, 3, 7, 6, 8, fail, fail, fail, 4,9, 5,2, 4,6
MS, F, 17, 4, 1, health, at_home, course, 1, 1, 0, no, yes, no, no, yes, no, 2, 5, 0, 8, 10, 9, fail, pass, fail, 4,6, 4, 4,3
MS, F, 17, 1, 2, at_home, other, course, 1, 1, 0, no, no, no, no, yes, yes, 5, 3, 0, 7, 10, 10, fail, pass, pass, 4,9, 4, 4
MS, F, 18, 1, 1, other, other, course, 3, 2, 2, no, no, no, yes, yes, no, 4, 5, 3, 7, 8, 7, fail, fail, fail, 4,9, 4,6, 4,9
MS, F, 18, 2, 2, services, at_home, reputation, 2, 2, 0, no, no, no, yes, yes, yes, 3, 1, 2, 12, 13, 14, pass, pass, good, 3,4, 3,1, 2,8
MS, F, 17, 3, 3, services, services, course, 2, 1, 0, no, yes, no, no, yes, yes, 4, 4, 0, 11, 12, 13, pass, pass, pass, 3,7, 3,4, 3,1
MS, F, 18, 1, 2, at_home, other, reputation, 2, 2, 0, no, no, no, no, yes, yes, 4, 4, 0, 12, 13, 14, pass, pass, good, 3,4, 3,1, 2,8
MS, F, 18, 4, 4, teacher, teacher, reputation, 2, 2, 0, no, no, no, yes, yes, yes, 3, 1, 0, 18, 18, 18, excellent, excellent, excellent, 1,6, 1,6, 1,6
MS, M, 18, 4, 4, services, other, reputation, 1, 1, 0, no, yes, no, yes, yes, yes, 4, 5, 3, 17, 17, 17, V.good, V.good, V.good, 1,9, 1,9, 1,9
MS, F, 17, 4, 2, other, other, course, 2, 2, 0, no, yes, no, no, yes, yes, 3, 4, 0, 17, 18, 18, V.good, excellent, excellent, 1,9, 1,6, 1,6
MS, F, 18, 2, 2, at_home, other, course, 3, 2, 1, no, no, no, yes, yes, no, 3, 4, 0, 9, 0, 0, fail, fail, fail, 4,3, 7, 7
MS, M, 18, 1, 2, at_home, services, home, 2, 1, 0, no, yes, no, no, yes, no, 1, 1, 8, 10, 11, 11, pass, pass, pass, 4, 3,7, 3,7
MS, M, 18, 4, 4, at_home, services, other, 3, 1, 0, no, yes, yes, yes, yes, yes, 5, 1, 5, 12, 13, 14, pass, pass, good, 3,4, 3,1, 2,8
MS, M, 17, 1, 1, other, services, other, 3, 1, 0, no, no, no, no, no, no, 2, 4, 4, 12, 13, 14, pass, pass, good, 3,4, 3,1, 2,8
MS, F, 18, 2, 2, other, other, course, 2, 2, 0, no, yes, no, no, yes, yes, 3, 2, 4, 8, 8, 10, fail, fail, pass, 4,6, 4,6, 4
MS, F, 18, 2, 2, services, services, course, 2, 3, 0, no, no, no, no, yes, yes, 4, 3, 0, 11, 12, 13, pass, pass, pass, 3,7, 3,4, 3,1
MS, F, 18, 4, 2, teacher, other, reputation, 1, 2, 0, no, no, no, yes, yes, yes, 3, 5, 0, 5, 0, 0, fail, fail, fail, 5,5, 7, 7
MS, F, 18, 1, 1, at_home, services, course, 3, 2, 1, no, no, no, no, no, no, 4, 2, 2, 9, 10, 10, fail, pass, pass, 4,3, 4, 4
MS, F, 19, 1, 1, at_home, services, other, 2, 1, 1, no, no, no, no, no, no, 5, 2, 0, 5, 0, 0, fail, fail, fail, 5,5, 7, 7
MS, F, 17, 4, 2, teacher, other, course, 2, 4, 0, no, no, no, no, yes, yes, 2, 5, 0, 18, 18, 18, excellent, excellent, excellent, 1,6, 1,6, 1,6
MS, F, 17, 2, 1, services, other, reputation, 2, 2, 0, no, no, no, yes, yes, yes, 3, 2, 5, 11, 11, 12, pass, pass, pass, 3,7, 3,7, 3,4
MS, F, 18, 1, 1, at_home, services, course, 1, 2, 0, no, no, no, no, yes, no, 2, 3, 2, 8, 10, 11, fail, pass, pass, 4,6, 4, 3,7
MS, F, 18, 1, 2, at_home, at_home, course, 2, 2, 0, no, yes, no, no, no, no, 1, 4, 0, 11, 11, 12, pass, pass, pass, 3,7, 3,7, 3,4
MS, F, 19, 1, 1, at_home, at_home, course, 2, 2, 3, no, yes, no, yes, no, no, 5, 1, 0, 8, 0, 0, fail, fail, fail, 4,6, 7, 7
MS, F, 18, 2, 2, services, other, home, 2, 3, 0, no, no, no, no, yes, yes, 2, 4, 5, 14, 14, 15, good, good, V.good, 2,8, 2,8, 2,5
MS, M, 17, 4, 3, services, other, home, 2, 2, 1, no, yes, yes, yes, yes, yes, 5, 2, 4, 10, 11, 11, pass, pass, pass, 4, 3,7, 3,7
MS, F, 18, 3, 3, services, services, course, 1, 2, 0, no, yes, no, no, yes, no, 3, 5, 0, 10, 10, 10, pass, pass, pass, 4, 4, 4
MS, F, 17, 4, 4, teacher, services, other, 2, 2, 0, no, yes, yes, yes, yes, yes, 3, 5, 2, 12, 12, 12, pass, pass, pass, 3,4, 3,4, 3,4
MS, F, 17, 3, 2, services, other, reputation, 2, 2, 0, no, no, no, no, yes, no, 2, 5, 0, 15, 14, 15, V.good, good, V.good, 2,5, 2,8, 2,5
MS, M, 18, 1, 1, other, services, home, 2, 1, 0, no, no, no, no, yes, yes, 3, 3, 2, 14, 13, 14, good, pass, good, 2,8, 3,1, 2,8
MS, F, 18, 1, 1, at_home, services, course, 2, 3, 0, no, no, no, no, yes, yes, 3, 4, 0, 19, 17, 18, excellent, V.good, excellent, 1,3, 1,9, 1,6
MS, F, 18, 1, 2, at_home, other, course, 3, 2, 0, no, no, no, no, yes, no, 3, 5, 0, 16, 15, 15, V.good, V.good, V.good, 2,2, 2,5, 2,5
MS, F, 18, 3, 3, services, services, other, 2, 2, 0, no, yes, no, no, yes, yes, 3, 3, 6, 13, 12, 13, pass, pass, pass, 3,1, 3,4, 3,1
MS, F, 17, 4, 4, at_home, at_home, course, 1, 2, 0, no, yes, no, yes, yes, yes, 3, 1, 4, 15, 14, 15, V.good, good, V.good, 2,5, 2,8, 2,5
MS, F, 17, 1, 2, other, services, course, 2, 2, 0, no, no, no, no, yes, no, 2, 3, 0, 13, 13, 13, pass, pass, pass, 3,1, 3,1, 3,1
MS, M, 18, 1, 3, at_home, other, course, 2, 2, 0, no, yes, yes, no, yes, no, 3, 3, 0, 8, 10, 9, fail, pass, fail, 4,6, 4, 4,3
MS, M, 18, 4, 4, teacher, services, other, 2, 3, 0, no, no, no, no, yes, yes, 2, 5, 0, 15, 16, 16, V.good, V.good, V.good, 2,5, 2,2, 2,2
MS, F, 17, 1, 1, other, services, reputation, 3, 1, 1, no, yes, no, no, yes, yes, 2, 1, 0, 8, 8, 9, fail, fail, fail, 4,6, 4,6, 4,3
MS, F, 18, 2, 3, at_home, services, course, 2, 1, 0, no, yes, no, no, yes, yes, 2, 4, 0, 10, 10, 10, pass, pass, pass, 4, 4, 4
MS, F, 18, 4, 4, other, teacher, other, 3, 2, 0, no, yes, no, no, yes, yes, 2, 5, 0, 7, 5, 0, fail, fail, fail, 4,9, 5,5, 7
MS, M, 18, 1, 2, at_home, services, other, 3, 1, 0, no, yes, no, yes, no, yes, 3, 3, 3, 9, 10, 10, fail, pass, pass, 4,3, 4, 4
MS, F, 17, 2, 2, other, at_home, home, 1, 3, 0, no, no, no, yes, yes, no, 4, 3, 8, 10, 11, 12, pass, pass, pass, 4, 3,7, 3,4
MS, F, 17, 1, 2, other, other, course, 1, 1, 0, no, no, no, yes, yes, yes, 5, 1, 4, 7, 8, 9, fail, fail, fail, 4,9, 4,6, 4,3
MS, F, 18, 4, 4, other, other, reputation, 2, 3, 0, no, no, no, no, yes, yes, 4, 1, 0, 15, 17, 17, V.good, V.good, V.good, 2,5, 1,9, 1,9
MS, F, 18, 1, 1, other, other, home, 4, 3, 0, no, no, no, no, yes, yes, 3, 4, 4, 10, 11, 12, pass, pass, pass, 4, 3,7, 3,4
MS, F, 19, 1, 1, at_home, other, course, 2, 2, 1, no, yes, no, no, yes, yes, 3, 3, 4, 7, 8, 9, fail, fail, fail, 4,9, 4,6, 4,3
MS, F, 18, 4, 4, teacher, services, course, 1, 2, 0, no, no, no, yes, yes, yes, 4, 2, 1, 13, 14, 14, pass, good, good, 3,1, 2,8, 2,8
MS, F, 18, 3, 3, other, other, home, 1, 2, 0, no, no, no, no, yes, yes, 1, 1, 1, 16, 16, 16, V.good, V.good, V.good, 2,2, 2,2, 2,2
MS, F, 17, 3, 1, at_home, other, reputation, 1, 2, 0, no, yes, no, yes, yes, yes, 5, 1, 10, 8, 9, 9, fail, fail, fail, 4,6, 4,3, 4,3
MS, M, 18, 4, 4, teacher, teacher, home, 1, 2, 0, no, no, no, yes, yes, yes, 2, 2, 4, 17, 18, 19, V.good, excellent, excellent, 1,9, 1,6, 1,3
MS, M, 18, 2, 1, other, other, other, 2, 1, 0, no, no, no, yes, yes, yes, 4, 5, 0, 7, 7, 0, fail, fail, fail, 4,9, 4,9, 7
MS, M, 17, 2, 3, other, services, home, 2, 2, 0, no, no, no, yes, yes, yes, 4, 3, 4, 14, 15, 16, good, V.good, V.good, 2,8, 2,5, 2,2
MS, M, 19, 1, 1, other, services, other, 2, 1, 1, no, no, no, no, yes, no, 3, 5, 0, 5, 8, 0, fail, fail, fail, 5,5, 4,6, 7
MS, M, 18, 4, 2, other, other, home, 2, 1, 1, no, no, yes, no, yes, no, 4, 3, 0, 7, 7, 0, fail, fail, fail, 4,9, 4,9, 7
MS, F, 18, 2, 2, at_home, other, other, 2, 3, 0, no, no, no, no, yes, no, 3, 4, 0, 14, 17, 15, good, V.good, V.good, 2,8, 1,9, 2,5
MS, F, 17, 4, 3, teacher, other, other, 2, 2, 0, no, no, no, no, yes, yes, 5, 1, 0, 6, 9, 11, fail, fail, pass, 5,2, 4,3, 3,7
MS, F, 18, 4, 4, teacher, at_home, reputation, 3, 1, 0, no, yes, no, yes, yes, yes, 4, 5, 4, 7, 9, 10, fail, fail, pass, 4,9, 4,3, 4
MS, F, 19, 2, 3, services, other, course, 1, 3, 1, no, no, no, yes, yes, yes, 4, 5, 4, 10, 11, 10, pass, pass, pass, 4, 3,7, 4
MS, F, 18, 3, 1, teacher, services, course, 1, 2, 0, no, yes, no, no, yes, yes, 3, 1, 4, 15, 15, 16, V.good, V.good, V.good, 2,5, 2,5, 2,2
MS, F, 18, 1, 1, other, other, course, 2, 2, 0, no, no, no, yes, yes, no, 1, 5, 6, 11, 12, 9, pass, pass, fail, 3,7, 3,4, 4,3
MS, M, 17, 3, 1, services, services, course, 2, 1, 0, no, no, no, no, yes, yes, 4, 2, 6, 10, 10, 10, pass, pass, pass, 4, 4, 4
MS, M, 18, 3, 2, services, other, course, 3, 1, 0, no, no, no, no, yes, yes, 4, 5, 4, 10, 11, 11, pass, pass, pass, 4, 3,7, 3,7
